epoch,score,module,loss,optimizer,metrics,device,cluster,grads_per_worker,max_epochs,batch_size,max_batch_size,min_workers,max_workers,random_state,module__depth,module__widen_factor,module__dropout_rate,module__num_classes,optimizer__lr,optimizer__momentum,optimizer__nesterov,optimizer__weight_decay,client,n_updates,n_data,score__calls,partial_fit__calls,n_workers,partial_fit__time,partial_fit__batch_size,partial_fit__lr,score__acc,score__loss,score__time
0,0.5990999937057495,<class 'model.Wide_ResNet'>,<class 'torch.nn.modules.loss.CrossEntropyLoss'>,<class 'torch.optim.sgd.SGD'>,,cpu,,128,200,128,1024,1,8,,16,4,0.3,10,0.1,0.9,True,0.0005,"<Client: 'inproc://10.139.67.201/51337/1' processes=1 threads=8, memory=17.18 GB>",391,50048,1,1,1,36.36914396286011,128,0.05,0.5990999937057495,1.1621527954101565,0.0
1,0.6762999892234802,<class 'model.Wide_ResNet'>,<class 'torch.nn.modules.loss.CrossEntropyLoss'>,<class 'torch.optim.sgd.SGD'>,,cpu,,128,200,128,1024,1,8,,16,4,0.3,10,0.1,0.9,True,0.0005,"<Client: 'inproc://10.139.67.201/51337/1' processes=1 threads=8, memory=17.18 GB>",782,100096,2,2,1,39.66484808921814,128,0.05,0.6762999892234802,0.9383365051269532,0.0
2,0.7156999707221985,<class 'model.Wide_ResNet'>,<class 'torch.nn.modules.loss.CrossEntropyLoss'>,<class 'torch.optim.sgd.SGD'>,,cpu,,128,200,128,1024,1,8,,16,4,0.3,10,0.1,0.9,True,0.0005,"<Client: 'inproc://10.139.67.201/51337/1' processes=1 threads=8, memory=17.18 GB>",1173,150144,3,3,1,47.21275877952576,128,0.05,0.7156999707221985,0.8281552551269531,0.0
3,0.7777999639511108,<class 'model.Wide_ResNet'>,<class 'torch.nn.modules.loss.CrossEntropyLoss'>,<class 'torch.optim.sgd.SGD'>,,cpu,,128,200,128,1024,1,8,,16,4,0.3,10,0.1,0.9,True,0.0005,"<Client: 'inproc://10.139.67.201/51337/1' processes=1 threads=8, memory=17.18 GB>",1564,200192,4,4,1,39.03976106643677,128,0.05,0.7777999639511108,0.6450935363769531,0.0
4,0.7678999900817871,<class 'model.Wide_ResNet'>,<class 'torch.nn.modules.loss.CrossEntropyLoss'>,<class 'torch.optim.sgd.SGD'>,,cpu,,128,200,128,1024,1,8,,16,4,0.3,10,0.1,0.9,True,0.0005,"<Client: 'inproc://10.139.67.201/51337/1' processes=1 threads=8, memory=17.18 GB>",1955,250240,5,5,1,39.27912497520447,128,0.05,0.7678999900817871,0.6710390625,0.0
5,0.7994999885559082,<class 'model.Wide_ResNet'>,<class 'torch.nn.modules.loss.CrossEntropyLoss'>,<class 'torch.optim.sgd.SGD'>,,cpu,,128,200,128,1024,1,8,,16,4,0.3,10,0.1,0.9,True,0.0005,"<Client: 'inproc://10.139.67.201/51337/1' processes=1 threads=8, memory=17.18 GB>",2346,300288,6,6,1,41.24862313270569,128,0.05,0.7994999885559082,0.5948365234375,0.0
6,0.8030999898910522,<class 'model.Wide_ResNet'>,<class 'torch.nn.modules.loss.CrossEntropyLoss'>,<class 'torch.optim.sgd.SGD'>,,cpu,,128,200,128,1024,1,8,,16,4,0.3,10,0.1,0.9,True,0.0005,"<Client: 'inproc://10.139.67.201/51337/1' processes=1 threads=8, memory=17.18 GB>",2737,350336,7,7,1,41.819445848464966,128,0.05,0.8030999898910522,0.5895824035644531,0.0
7,0.8100000023841858,<class 'model.Wide_ResNet'>,<class 'torch.nn.modules.loss.CrossEntropyLoss'>,<class 'torch.optim.sgd.SGD'>,,cpu,,128,200,128,1024,1,8,,16,4,0.3,10,0.1,0.9,True,0.0005,"<Client: 'inproc://10.139.67.201/51337/1' processes=1 threads=8, memory=17.18 GB>",3128,400384,8,8,1,42.31776690483093,128,0.05,0.8100000023841858,0.5627686096191407,0.0
8,0.8186999559402466,<class 'model.Wide_ResNet'>,<class 'torch.nn.modules.loss.CrossEntropyLoss'>,<class 'torch.optim.sgd.SGD'>,,cpu,,128,200,128,1024,1,8,,16,4,0.3,10,0.1,0.9,True,0.0005,"<Client: 'inproc://10.139.67.201/51337/1' processes=1 threads=8, memory=17.18 GB>",3519,450432,9,9,1,38.1069700717926,128,0.05,0.8186999559402466,0.5387750885009766,0.0
9,0.8077999949455261,<class 'model.Wide_ResNet'>,<class 'torch.nn.modules.loss.CrossEntropyLoss'>,<class 'torch.optim.sgd.SGD'>,,cpu,,128,200,128,1024,1,8,,16,4,0.3,10,0.1,0.9,True,0.0005,"<Client: 'inproc://10.139.67.201/51337/1' processes=1 threads=8, memory=17.18 GB>",3910,500480,10,10,1,35.829983949661255,128,0.05,0.8077999949455261,0.5653393249511719,0.0
10,0.8211999535560608,<class 'model.Wide_ResNet'>,<class 'torch.nn.modules.loss.CrossEntropyLoss'>,<class 'torch.optim.sgd.SGD'>,,cpu,,128,200,128,1024,1,8,,16,4,0.3,10,0.1,0.9,True,0.0005,"<Client: 'inproc://10.139.67.201/51337/1' processes=1 threads=8, memory=17.18 GB>",4301,550528,11,11,1,47.773714780807495,128,0.05,0.8211999535560608,0.52797255859375,0.0
11,0.8321999907493591,<class 'model.Wide_ResNet'>,<class 'torch.nn.modules.loss.CrossEntropyLoss'>,<class 'torch.optim.sgd.SGD'>,,cpu,,128,200,128,1024,1,8,,16,4,0.3,10,0.1,0.9,True,0.0005,"<Client: 'inproc://10.139.67.201/51337/1' processes=1 threads=8, memory=17.18 GB>",4692,600576,12,12,1,40.040874004364014,128,0.05,0.8321999907493591,0.4901463134765625,0.0
12,0.8306999802589417,<class 'model.Wide_ResNet'>,<class 'torch.nn.modules.loss.CrossEntropyLoss'>,<class 'torch.optim.sgd.SGD'>,,cpu,,128,200,128,1024,1,8,,16,4,0.3,10,0.1,0.9,True,0.0005,"<Client: 'inproc://10.139.67.201/51337/1' processes=1 threads=8, memory=17.18 GB>",5083,650624,13,13,1,40.945287227630615,128,0.05,0.8306999802589417,0.5127092987060546,0.0
13,0.8325999975204468,<class 'model.Wide_ResNet'>,<class 'torch.nn.modules.loss.CrossEntropyLoss'>,<class 'torch.optim.sgd.SGD'>,,cpu,,128,200,128,1024,1,8,,16,4,0.3,10,0.1,0.9,True,0.0005,"<Client: 'inproc://10.139.67.201/51337/1' processes=1 threads=8, memory=17.18 GB>",5474,700672,14,14,1,43.99108910560608,128,0.05,0.8325999975204468,0.501986181640625,0.0
14,0.8138999938964844,<class 'model.Wide_ResNet'>,<class 'torch.nn.modules.loss.CrossEntropyLoss'>,<class 'torch.optim.sgd.SGD'>,,cpu,,128,200,128,1024,1,8,,16,4,0.3,10,0.1,0.9,True,0.0005,"<Client: 'inproc://10.139.67.201/51337/1' processes=1 threads=8, memory=17.18 GB>",5865,750720,15,15,1,42.81251001358032,128,0.05,0.8138999938964844,0.5571986450195312,0.0
15,0.8307999968528748,<class 'model.Wide_ResNet'>,<class 'torch.nn.modules.loss.CrossEntropyLoss'>,<class 'torch.optim.sgd.SGD'>,,cpu,,128,200,128,1024,1,8,,16,4,0.3,10,0.1,0.9,True,0.0005,"<Client: 'inproc://10.139.67.201/51337/1' processes=1 threads=8, memory=17.18 GB>",6256,800768,16,16,1,37.69277906417847,128,0.05,0.8307999968528748,0.5091467468261719,0.0
16,0.817799985408783,<class 'model.Wide_ResNet'>,<class 'torch.nn.modules.loss.CrossEntropyLoss'>,<class 'torch.optim.sgd.SGD'>,,cpu,,128,200,128,1024,1,8,,16,4,0.3,10,0.1,0.9,True,0.0005,"<Client: 'inproc://10.139.67.201/51337/1' processes=1 threads=8, memory=17.18 GB>",6647,850816,17,17,1,39.84935808181763,128,0.05,0.817799985408783,0.5555116577148438,0.0
17,0.8342999815940857,<class 'model.Wide_ResNet'>,<class 'torch.nn.modules.loss.CrossEntropyLoss'>,<class 'torch.optim.sgd.SGD'>,,cpu,,128,200,128,1024,1,8,,16,4,0.3,10,0.1,0.9,True,0.0005,"<Client: 'inproc://10.139.67.201/51337/1' processes=1 threads=8, memory=17.18 GB>",7038,900864,18,18,1,39.21549105644226,128,0.05,0.8342999815940857,0.5006141998291016,0.0
18,0.8316999673843384,<class 'model.Wide_ResNet'>,<class 'torch.nn.modules.loss.CrossEntropyLoss'>,<class 'torch.optim.sgd.SGD'>,,cpu,,128,200,128,1024,1,8,,16,4,0.3,10,0.1,0.9,True,0.0005,"<Client: 'inproc://10.139.67.201/51337/1' processes=1 threads=8, memory=17.18 GB>",7429,950912,19,19,1,40.59387493133545,128,0.05,0.8316999673843384,0.4968510070800781,0.0
19,0.8359999656677246,<class 'model.Wide_ResNet'>,<class 'torch.nn.modules.loss.CrossEntropyLoss'>,<class 'torch.optim.sgd.SGD'>,,cpu,,128,200,128,1024,1,8,,16,4,0.3,10,0.1,0.9,True,0.0005,"<Client: 'inproc://10.139.67.201/51337/1' processes=1 threads=8, memory=17.18 GB>",7820,1000960,20,20,1,40.6126708984375,128,0.05,0.8359999656677246,0.4957721588134766,0.0
20,0.8330999612808228,<class 'model.Wide_ResNet'>,<class 'torch.nn.modules.loss.CrossEntropyLoss'>,<class 'torch.optim.sgd.SGD'>,,cpu,,128,200,128,1024,1,8,,16,4,0.3,10,0.1,0.9,True,0.0005,"<Client: 'inproc://10.139.67.201/51337/1' processes=1 threads=8, memory=17.18 GB>",8211,1051008,21,21,1,38.60245490074158,128,0.05,0.8330999612808228,0.4929908874511719,0.0
21,0.8362999558448792,<class 'model.Wide_ResNet'>,<class 'torch.nn.modules.loss.CrossEntropyLoss'>,<class 'torch.optim.sgd.SGD'>,,cpu,,128,200,128,1024,1,8,,16,4,0.3,10,0.1,0.9,True,0.0005,"<Client: 'inproc://10.139.67.201/51337/1' processes=1 threads=8, memory=17.18 GB>",8602,1101056,22,22,1,38.45114612579346,128,0.05,0.8362999558448792,0.4851793334960938,0.0
22,0.8465999960899353,<class 'model.Wide_ResNet'>,<class 'torch.nn.modules.loss.CrossEntropyLoss'>,<class 'torch.optim.sgd.SGD'>,,cpu,,128,200,128,1024,1,8,,16,4,0.3,10,0.1,0.9,True,0.0005,"<Client: 'inproc://10.139.67.201/51337/1' processes=1 threads=8, memory=17.18 GB>",8993,1151104,23,23,1,40.95012021064758,128,0.05,0.8465999960899353,0.4618179718017578,0.0
23,0.8337999582290649,<class 'model.Wide_ResNet'>,<class 'torch.nn.modules.loss.CrossEntropyLoss'>,<class 'torch.optim.sgd.SGD'>,,cpu,,128,200,128,1024,1,8,,16,4,0.3,10,0.1,0.9,True,0.0005,"<Client: 'inproc://10.139.67.201/51337/1' processes=1 threads=8, memory=17.18 GB>",9384,1201152,24,24,1,41.07765483856201,128,0.05,0.8337999582290649,0.4961890625,0.0
24,0.8400999903678894,<class 'model.Wide_ResNet'>,<class 'torch.nn.modules.loss.CrossEntropyLoss'>,<class 'torch.optim.sgd.SGD'>,,cpu,,128,200,128,1024,1,8,,16,4,0.3,10,0.1,0.9,True,0.0005,"<Client: 'inproc://10.139.67.201/51337/1' processes=1 threads=8, memory=17.18 GB>",9775,1251200,25,25,1,40.05782389640808,128,0.05,0.8400999903678894,0.4687528106689453,0.0
25,0.8458999991416931,<class 'model.Wide_ResNet'>,<class 'torch.nn.modules.loss.CrossEntropyLoss'>,<class 'torch.optim.sgd.SGD'>,,cpu,,128,200,128,1024,1,8,,16,4,0.3,10,0.1,0.9,True,0.0005,"<Client: 'inproc://10.139.67.201/51337/1' processes=1 threads=8, memory=17.18 GB>",10166,1301248,26,26,1,40.62305498123169,128,0.05,0.8458999991416931,0.4696989868164063,0.0
26,0.8483999967575073,<class 'model.Wide_ResNet'>,<class 'torch.nn.modules.loss.CrossEntropyLoss'>,<class 'torch.optim.sgd.SGD'>,,cpu,,128,200,128,1024,1,8,,16,4,0.3,10,0.1,0.9,True,0.0005,"<Client: 'inproc://10.139.67.201/51337/1' processes=1 threads=8, memory=17.18 GB>",10557,1351296,27,27,1,38.25379204750061,128,0.05,0.8483999967575073,0.4448933624267578,0.0
27,0.848800003528595,<class 'model.Wide_ResNet'>,<class 'torch.nn.modules.loss.CrossEntropyLoss'>,<class 'torch.optim.sgd.SGD'>,,cpu,,128,200,128,1024,1,8,,16,4,0.3,10,0.1,0.9,True,0.0005,"<Client: 'inproc://10.139.67.201/51337/1' processes=1 threads=8, memory=17.18 GB>",10948,1401344,28,28,1,39.5146369934082,128,0.05,0.848800003528595,0.4580069305419922,0.0
28,0.8422999978065491,<class 'model.Wide_ResNet'>,<class 'torch.nn.modules.loss.CrossEntropyLoss'>,<class 'torch.optim.sgd.SGD'>,,cpu,,128,200,128,1024,1,8,,16,4,0.3,10,0.1,0.9,True,0.0005,"<Client: 'inproc://10.139.67.201/51337/1' processes=1 threads=8, memory=17.18 GB>",11339,1451392,29,29,1,39.55004119873047,128,0.05,0.8422999978065491,0.4655333221435547,0.0
29,0.8422999978065491,<class 'model.Wide_ResNet'>,<class 'torch.nn.modules.loss.CrossEntropyLoss'>,<class 'torch.optim.sgd.SGD'>,,cpu,,128,200,128,1024,1,8,,16,4,0.3,10,0.1,0.9,True,0.0005,"<Client: 'inproc://10.139.67.201/51337/1' processes=1 threads=8, memory=17.18 GB>",11730,1501440,30,30,1,38.872214794158936,128,0.05,0.8422999978065491,0.475590054321289,0.0
30,0.8551999926567078,<class 'model.Wide_ResNet'>,<class 'torch.nn.modules.loss.CrossEntropyLoss'>,<class 'torch.optim.sgd.SGD'>,,cpu,,128,200,128,1024,1,8,,16,4,0.3,10,0.1,0.9,True,0.0005,"<Client: 'inproc://10.139.67.201/51337/1' processes=1 threads=8, memory=17.18 GB>",12121,1551488,31,31,1,38.60679006576538,128,0.05,0.8551999926567078,0.4330749633789063,0.0
31,0.8567000031471252,<class 'model.Wide_ResNet'>,<class 'torch.nn.modules.loss.CrossEntropyLoss'>,<class 'torch.optim.sgd.SGD'>,,cpu,,128,200,128,1024,1,8,,16,4,0.3,10,0.1,0.9,True,0.0005,"<Client: 'inproc://10.139.67.201/51337/1' processes=1 threads=8, memory=17.18 GB>",12512,1601536,32,32,1,39.53114295005798,128,0.05,0.8567000031471252,0.4275554290771485,0.0
32,0.8396999835968018,<class 'model.Wide_ResNet'>,<class 'torch.nn.modules.loss.CrossEntropyLoss'>,<class 'torch.optim.sgd.SGD'>,,cpu,,128,200,128,1024,1,8,,16,4,0.3,10,0.1,0.9,True,0.0005,"<Client: 'inproc://10.139.67.201/51337/1' processes=1 threads=8, memory=17.18 GB>",12903,1651584,33,33,1,36.21618676185608,128,0.05,0.8396999835968018,0.4866679077148438,0.0
33,0.8459999561309814,<class 'model.Wide_ResNet'>,<class 'torch.nn.modules.loss.CrossEntropyLoss'>,<class 'torch.optim.sgd.SGD'>,,cpu,,128,200,128,1024,1,8,,16,4,0.3,10,0.1,0.9,True,0.0005,"<Client: 'inproc://10.139.67.201/51337/1' processes=1 threads=8, memory=17.18 GB>",13294,1701632,34,34,1,42.78181505203247,128,0.05,0.8459999561309814,0.4673438507080078,0.0
34,0.8452999591827393,<class 'model.Wide_ResNet'>,<class 'torch.nn.modules.loss.CrossEntropyLoss'>,<class 'torch.optim.sgd.SGD'>,,cpu,,128,200,128,1024,1,8,,16,4,0.3,10,0.1,0.9,True,0.0005,"<Client: 'inproc://10.139.67.201/51337/1' processes=1 threads=8, memory=17.18 GB>",13685,1751680,35,35,1,41.0660457611084,128,0.05,0.8452999591827393,0.4516848693847657,0.0
35,0.8454999923706055,<class 'model.Wide_ResNet'>,<class 'torch.nn.modules.loss.CrossEntropyLoss'>,<class 'torch.optim.sgd.SGD'>,,cpu,,128,200,128,1024,1,8,,16,4,0.3,10,0.1,0.9,True,0.0005,"<Client: 'inproc://10.139.67.201/51337/1' processes=1 threads=8, memory=17.18 GB>",14076,1801728,36,36,1,42.799476146698,128,0.05,0.8454999923706055,0.4652198913574218,0.0
36,0.8418999910354614,<class 'model.Wide_ResNet'>,<class 'torch.nn.modules.loss.CrossEntropyLoss'>,<class 'torch.optim.sgd.SGD'>,,cpu,,128,200,128,1024,1,8,,16,4,0.3,10,0.1,0.9,True,0.0005,"<Client: 'inproc://10.139.67.201/51337/1' processes=1 threads=8, memory=17.18 GB>",14467,1851776,37,37,1,40.05275082588196,128,0.05,0.8418999910354614,0.4712651885986328,0.0
37,0.8481999635696411,<class 'model.Wide_ResNet'>,<class 'torch.nn.modules.loss.CrossEntropyLoss'>,<class 'torch.optim.sgd.SGD'>,,cpu,,128,200,128,1024,1,8,,16,4,0.3,10,0.1,0.9,True,0.0005,"<Client: 'inproc://10.139.67.201/51337/1' processes=1 threads=8, memory=17.18 GB>",14858,1901824,38,38,1,40.76852989196777,128,0.05,0.8481999635696411,0.4524638458251953,0.0
38,0.857699990272522,<class 'model.Wide_ResNet'>,<class 'torch.nn.modules.loss.CrossEntropyLoss'>,<class 'torch.optim.sgd.SGD'>,,cpu,,128,200,128,1024,1,8,,16,4,0.3,10,0.1,0.9,True,0.0005,"<Client: 'inproc://10.139.67.201/51337/1' processes=1 threads=8, memory=17.18 GB>",15249,1951872,39,39,1,41.97083806991577,128,0.05,0.857699990272522,0.42871726989746095,0.0
39,0.8452000021934509,<class 'model.Wide_ResNet'>,<class 'torch.nn.modules.loss.CrossEntropyLoss'>,<class 'torch.optim.sgd.SGD'>,,cpu,,128,200,128,1024,1,8,,16,4,0.3,10,0.1,0.9,True,0.0005,"<Client: 'inproc://10.139.67.201/51337/1' processes=1 threads=8, memory=17.18 GB>",15640,2001920,40,40,1,46.23389220237732,128,0.05,0.8452000021934509,0.4643423370361328,0.0
40,0.8454999923706055,<class 'model.Wide_ResNet'>,<class 'torch.nn.modules.loss.CrossEntropyLoss'>,<class 'torch.optim.sgd.SGD'>,,cpu,,128,200,128,1024,1,8,,16,4,0.3,10,0.1,0.9,True,0.0005,"<Client: 'inproc://10.139.67.201/51337/1' processes=1 threads=8, memory=17.18 GB>",16031,2051968,41,41,1,41.46282410621643,128,0.05,0.8454999923706055,0.4489143005371094,0.0
41,0.8567999601364136,<class 'model.Wide_ResNet'>,<class 'torch.nn.modules.loss.CrossEntropyLoss'>,<class 'torch.optim.sgd.SGD'>,,cpu,,128,200,128,1024,1,8,,16,4,0.3,10,0.1,0.9,True,0.0005,"<Client: 'inproc://10.139.67.201/51337/1' processes=1 threads=8, memory=17.18 GB>",16422,2102016,42,42,1,42.19996738433838,128,0.05,0.8567999601364136,0.43106235961914063,0.0
42,0.8613999485969543,<class 'model.Wide_ResNet'>,<class 'torch.nn.modules.loss.CrossEntropyLoss'>,<class 'torch.optim.sgd.SGD'>,,cpu,,128,200,128,1024,1,8,,16,4,0.3,10,0.1,0.9,True,0.0005,"<Client: 'inproc://10.139.67.201/51337/1' processes=1 threads=8, memory=17.18 GB>",16813,2152064,43,43,1,42.024118185043335,128,0.05,0.8613999485969543,0.428476513671875,0.0
43,0.8549999594688416,<class 'model.Wide_ResNet'>,<class 'torch.nn.modules.loss.CrossEntropyLoss'>,<class 'torch.optim.sgd.SGD'>,,cpu,,128,200,128,1024,1,8,,16,4,0.3,10,0.1,0.9,True,0.0005,"<Client: 'inproc://10.139.67.201/51337/1' processes=1 threads=8, memory=17.18 GB>",17204,2202112,44,44,1,41.83968806266785,128,0.05,0.8549999594688416,0.4304634887695313,0.0
44,0.8486999869346619,<class 'model.Wide_ResNet'>,<class 'torch.nn.modules.loss.CrossEntropyLoss'>,<class 'torch.optim.sgd.SGD'>,,cpu,,128,200,128,1024,1,8,,16,4,0.3,10,0.1,0.9,True,0.0005,"<Client: 'inproc://10.139.67.201/51337/1' processes=1 threads=8, memory=17.18 GB>",17595,2252160,45,45,1,42.31484889984131,128,0.05,0.8486999869346619,0.4542181274414063,0.0
45,0.8531999588012695,<class 'model.Wide_ResNet'>,<class 'torch.nn.modules.loss.CrossEntropyLoss'>,<class 'torch.optim.sgd.SGD'>,,cpu,,128,200,128,1024,1,8,,16,4,0.3,10,0.1,0.9,True,0.0005,"<Client: 'inproc://10.139.67.201/51337/1' processes=1 threads=8, memory=17.18 GB>",17986,2302208,46,46,1,41.32446813583374,128,0.05,0.8531999588012695,0.4378937561035156,0.0
46,0.8583999872207642,<class 'model.Wide_ResNet'>,<class 'torch.nn.modules.loss.CrossEntropyLoss'>,<class 'torch.optim.sgd.SGD'>,,cpu,,128,200,128,1024,1,8,,16,4,0.3,10,0.1,0.9,True,0.0005,"<Client: 'inproc://10.139.67.201/51337/1' processes=1 threads=8, memory=17.18 GB>",18377,2352256,47,47,1,42.958919048309326,128,0.05,0.8583999872207642,0.4358248504638672,0.0
47,0.8504999876022339,<class 'model.Wide_ResNet'>,<class 'torch.nn.modules.loss.CrossEntropyLoss'>,<class 'torch.optim.sgd.SGD'>,,cpu,,128,200,128,1024,1,8,,16,4,0.3,10,0.1,0.9,True,0.0005,"<Client: 'inproc://10.139.67.201/51337/1' processes=1 threads=8, memory=17.18 GB>",18768,2402304,48,48,1,40.38011884689331,128,0.05,0.8504999876022339,0.4549914428710938,0.0
48,0.8517999649047852,<class 'model.Wide_ResNet'>,<class 'torch.nn.modules.loss.CrossEntropyLoss'>,<class 'torch.optim.sgd.SGD'>,,cpu,,128,200,128,1024,1,8,,16,4,0.3,10,0.1,0.9,True,0.0005,"<Client: 'inproc://10.139.67.201/51337/1' processes=1 threads=8, memory=17.18 GB>",19159,2452352,49,49,1,38.69490194320679,128,0.05,0.8517999649047852,0.43784738464355466,0.0
49,0.8423999547958374,<class 'model.Wide_ResNet'>,<class 'torch.nn.modules.loss.CrossEntropyLoss'>,<class 'torch.optim.sgd.SGD'>,,cpu,,128,200,128,1024,1,8,,16,4,0.3,10,0.1,0.9,True,0.0005,"<Client: 'inproc://10.139.67.201/51337/1' processes=1 threads=8, memory=17.18 GB>",19550,2502400,50,50,1,39.688936948776245,128,0.05,0.8423999547958374,0.4737144744873047,0.0
50,0.858199954032898,<class 'model.Wide_ResNet'>,<class 'torch.nn.modules.loss.CrossEntropyLoss'>,<class 'torch.optim.sgd.SGD'>,,cpu,,128,200,128,1024,1,8,,16,4,0.3,10,0.1,0.9,True,0.0005,"<Client: 'inproc://10.139.67.201/51337/1' processes=1 threads=8, memory=17.18 GB>",19941,2552448,51,51,1,37.98802471160889,128,0.05,0.858199954032898,0.4162772552490234,0.0
51,0.8578000068664551,<class 'model.Wide_ResNet'>,<class 'torch.nn.modules.loss.CrossEntropyLoss'>,<class 'torch.optim.sgd.SGD'>,,cpu,,128,200,128,1024,1,8,,16,4,0.3,10,0.1,0.9,True,0.0005,"<Client: 'inproc://10.139.67.201/51337/1' processes=1 threads=8, memory=17.18 GB>",20332,2602496,52,52,1,39.60259675979614,128,0.05,0.8578000068664551,0.4331937744140625,0.0
52,0.8549000024795532,<class 'model.Wide_ResNet'>,<class 'torch.nn.modules.loss.CrossEntropyLoss'>,<class 'torch.optim.sgd.SGD'>,,cpu,,128,200,128,1024,1,8,,16,4,0.3,10,0.1,0.9,True,0.0005,"<Client: 'inproc://10.139.67.201/51337/1' processes=1 threads=8, memory=17.18 GB>",20723,2652544,53,53,1,40.44701409339905,128,0.05,0.8549000024795532,0.4405193054199219,0.0
53,0.8698999881744385,<class 'model.Wide_ResNet'>,<class 'torch.nn.modules.loss.CrossEntropyLoss'>,<class 'torch.optim.sgd.SGD'>,,cpu,,128,200,128,1024,1,8,,16,4,0.3,10,0.1,0.9,True,0.0005,"<Client: 'inproc://10.139.67.201/51337/1' processes=1 threads=8, memory=17.18 GB>",21114,2702592,54,54,1,41.1352961063385,128,0.05,0.8698999881744385,0.4060739868164063,0.0
54,0.8524999618530273,<class 'model.Wide_ResNet'>,<class 'torch.nn.modules.loss.CrossEntropyLoss'>,<class 'torch.optim.sgd.SGD'>,,cpu,,128,200,128,1024,1,8,,16,4,0.3,10,0.1,0.9,True,0.0005,"<Client: 'inproc://10.139.67.201/51337/1' processes=1 threads=8, memory=17.18 GB>",21505,2752640,55,55,1,42.4141628742218,128,0.05,0.8524999618530273,0.4377870666503906,0.0
55,0.8477999567985535,<class 'model.Wide_ResNet'>,<class 'torch.nn.modules.loss.CrossEntropyLoss'>,<class 'torch.optim.sgd.SGD'>,,cpu,,128,200,128,1024,1,8,,16,4,0.3,10,0.1,0.9,True,0.0005,"<Client: 'inproc://10.139.67.201/51337/1' processes=1 threads=8, memory=17.18 GB>",21896,2802688,56,56,1,39.379721879959106,128,0.05,0.8477999567985535,0.4590251434326172,0.0
56,0.8549000024795532,<class 'model.Wide_ResNet'>,<class 'torch.nn.modules.loss.CrossEntropyLoss'>,<class 'torch.optim.sgd.SGD'>,,cpu,,128,200,128,1024,1,8,,16,4,0.3,10,0.1,0.9,True,0.0005,"<Client: 'inproc://10.139.67.201/51337/1' processes=1 threads=8, memory=17.18 GB>",22287,2852736,57,57,1,39.815622091293335,128,0.05,0.8549000024795532,0.4276399688720703,0.0
57,0.838699996471405,<class 'model.Wide_ResNet'>,<class 'torch.nn.modules.loss.CrossEntropyLoss'>,<class 'torch.optim.sgd.SGD'>,,cpu,,128,200,128,1024,1,8,,16,4,0.3,10,0.1,0.9,True,0.0005,"<Client: 'inproc://10.139.67.201/51337/1' processes=1 threads=8, memory=17.18 GB>",22678,2902784,58,58,1,39.92740297317505,128,0.05,0.838699996471405,0.4718163726806641,0.0
58,0.8518999814987183,<class 'model.Wide_ResNet'>,<class 'torch.nn.modules.loss.CrossEntropyLoss'>,<class 'torch.optim.sgd.SGD'>,,cpu,,128,200,128,1024,1,8,,16,4,0.3,10,0.1,0.9,True,0.0005,"<Client: 'inproc://10.139.67.201/51337/1' processes=1 threads=8, memory=17.18 GB>",23069,2952832,59,59,1,37.01077103614807,128,0.05,0.8518999814987183,0.4516748962402344,0.0
59,0.8596000075340271,<class 'model.Wide_ResNet'>,<class 'torch.nn.modules.loss.CrossEntropyLoss'>,<class 'torch.optim.sgd.SGD'>,,cpu,,128,200,128,1024,1,8,,16,4,0.3,10,0.1,0.9,True,0.0005,"<Client: 'inproc://10.139.67.201/51337/1' processes=1 threads=8, memory=17.18 GB>",23460,3002880,60,60,1,35.40463185310364,128,0.05,0.8596000075340271,0.4191942413330078,0.0
60,0.9004999995231628,<class 'model.Wide_ResNet'>,<class 'torch.nn.modules.loss.CrossEntropyLoss'>,<class 'torch.optim.sgd.SGD'>,,cpu,,128,200,128,1024,1,8,,16,4,0.3,10,0.1,0.9,True,0.0005,"<Client: 'inproc://10.139.67.201/51337/1' processes=1 threads=8, memory=17.18 GB>",23851,3052928,61,61,1,41.859869956970215,128,0.01,0.9004999995231628,0.30334033508300784,0.0
61,0.8960999846458435,<class 'model.Wide_ResNet'>,<class 'torch.nn.modules.loss.CrossEntropyLoss'>,<class 'torch.optim.sgd.SGD'>,,cpu,,128,200,128,1024,1,8,,16,4,0.3,10,0.1,0.9,True,0.0005,"<Client: 'inproc://10.139.67.201/51337/1' processes=1 threads=8, memory=17.18 GB>",24242,3102976,62,62,1,40.95587205886841,128,0.01,0.8960999846458435,0.3154611297607422,0.0
62,0.8988999724388123,<class 'model.Wide_ResNet'>,<class 'torch.nn.modules.loss.CrossEntropyLoss'>,<class 'torch.optim.sgd.SGD'>,,cpu,,128,200,128,1024,1,8,,16,4,0.3,10,0.1,0.9,True,0.0005,"<Client: 'inproc://10.139.67.201/51337/1' processes=1 threads=8, memory=17.18 GB>",24633,3153024,63,63,1,41.50973606109619,128,0.01,0.8988999724388123,0.30964658203125,0.0
63,0.8985999822616577,<class 'model.Wide_ResNet'>,<class 'torch.nn.modules.loss.CrossEntropyLoss'>,<class 'torch.optim.sgd.SGD'>,,cpu,,128,200,128,1024,1,8,,16,4,0.3,10,0.1,0.9,True,0.0005,"<Client: 'inproc://10.139.67.201/51337/1' processes=1 threads=8, memory=17.18 GB>",25024,3203072,64,64,1,38.50283074378967,128,0.01,0.8985999822616577,0.3062198333740234,0.0
64,0.8985999822616577,<class 'model.Wide_ResNet'>,<class 'torch.nn.modules.loss.CrossEntropyLoss'>,<class 'torch.optim.sgd.SGD'>,,cpu,,128,200,128,1024,1,8,,16,4,0.3,10,0.1,0.9,True,0.0005,"<Client: 'inproc://10.139.67.201/51337/1' processes=1 threads=8, memory=17.18 GB>",25415,3253120,65,65,1,42.33121991157532,128,0.01,0.8985999822616577,0.3156120574951172,0.0
65,0.8984999656677246,<class 'model.Wide_ResNet'>,<class 'torch.nn.modules.loss.CrossEntropyLoss'>,<class 'torch.optim.sgd.SGD'>,,cpu,,128,200,128,1024,1,8,,16,4,0.3,10,0.1,0.9,True,0.0005,"<Client: 'inproc://10.139.67.201/51337/1' processes=1 threads=8, memory=17.18 GB>",25806,3303168,66,66,1,37.784870862960815,128,0.01,0.8984999656677246,0.3101528762817383,0.0
66,0.9003999829292297,<class 'model.Wide_ResNet'>,<class 'torch.nn.modules.loss.CrossEntropyLoss'>,<class 'torch.optim.sgd.SGD'>,,cpu,,128,200,128,1024,1,8,,16,4,0.3,10,0.1,0.9,True,0.0005,"<Client: 'inproc://10.139.67.201/51337/1' processes=1 threads=8, memory=17.18 GB>",26197,3353216,67,67,1,40.23081374168396,128,0.01,0.9003999829292297,0.3159948516845703,0.0
67,0.8983999490737915,<class 'model.Wide_ResNet'>,<class 'torch.nn.modules.loss.CrossEntropyLoss'>,<class 'torch.optim.sgd.SGD'>,,cpu,,128,200,128,1024,1,8,,16,4,0.3,10,0.1,0.9,True,0.0005,"<Client: 'inproc://10.139.67.201/51337/1' processes=1 threads=8, memory=17.18 GB>",26588,3403264,68,68,1,35.273043155670166,128,0.01,0.8983999490737915,0.3150869689941406,0.0
68,0.9003999829292297,<class 'model.Wide_ResNet'>,<class 'torch.nn.modules.loss.CrossEntropyLoss'>,<class 'torch.optim.sgd.SGD'>,,cpu,,128,200,128,1024,1,8,,16,4,0.3,10,0.1,0.9,True,0.0005,"<Client: 'inproc://10.139.67.201/51337/1' processes=1 threads=8, memory=17.18 GB>",26979,3453312,69,69,1,35.28805899620056,128,0.01,0.9003999829292297,0.3070259735107422,0.0
69,0.8952999711036682,<class 'model.Wide_ResNet'>,<class 'torch.nn.modules.loss.CrossEntropyLoss'>,<class 'torch.optim.sgd.SGD'>,,cpu,,128,200,128,1024,1,8,,16,4,0.3,10,0.1,0.9,True,0.0005,"<Client: 'inproc://10.139.67.201/51337/1' processes=1 threads=8, memory=17.18 GB>",27370,3503360,70,70,1,38.59209418296814,128,0.01,0.8952999711036682,0.33235415344238284,0.0
70,0.8996999859809875,<class 'model.Wide_ResNet'>,<class 'torch.nn.modules.loss.CrossEntropyLoss'>,<class 'torch.optim.sgd.SGD'>,,cpu,,128,200,128,1024,1,8,,16,4,0.3,10,0.1,0.9,True,0.0005,"<Client: 'inproc://10.139.67.201/51337/1' processes=1 threads=8, memory=17.18 GB>",27761,3553408,71,71,1,41.85917901992798,128,0.01,0.8996999859809875,0.3137935455322265,0.0
71,0.9027000069618224,<class 'model.Wide_ResNet'>,<class 'torch.nn.modules.loss.CrossEntropyLoss'>,<class 'torch.optim.sgd.SGD'>,,cpu,,128,200,128,1024,1,8,,16,4,0.3,10,0.1,0.9,True,0.0005,"<Client: 'inproc://10.139.67.201/51337/1' processes=1 threads=8, memory=17.18 GB>",28152,3603456,72,72,1,42.68755388259888,128,0.01,0.9027000069618224,0.30917030639648435,0.0
72,0.8987999558448792,<class 'model.Wide_ResNet'>,<class 'torch.nn.modules.loss.CrossEntropyLoss'>,<class 'torch.optim.sgd.SGD'>,,cpu,,128,200,128,1024,1,8,,16,4,0.3,10,0.1,0.9,True,0.0005,"<Client: 'inproc://10.139.67.201/51337/1' processes=1 threads=8, memory=17.18 GB>",28543,3653504,73,73,1,40.697752952575684,128,0.01,0.8987999558448792,0.31469014282226565,0.0
73,0.8940999507904053,<class 'model.Wide_ResNet'>,<class 'torch.nn.modules.loss.CrossEntropyLoss'>,<class 'torch.optim.sgd.SGD'>,,cpu,,128,200,128,1024,1,8,,16,4,0.3,10,0.1,0.9,True,0.0005,"<Client: 'inproc://10.139.67.201/51337/1' processes=1 threads=8, memory=17.18 GB>",28934,3703552,74,74,1,42.8148992061615,128,0.01,0.8940999507904053,0.3292335632324219,0.0
74,0.9037999510765076,<class 'model.Wide_ResNet'>,<class 'torch.nn.modules.loss.CrossEntropyLoss'>,<class 'torch.optim.sgd.SGD'>,,cpu,,128,200,128,1024,1,8,,16,4,0.3,10,0.1,0.9,True,0.0005,"<Client: 'inproc://10.139.67.201/51337/1' processes=1 threads=8, memory=17.18 GB>",29325,3753600,75,75,1,43.429057121276855,128,0.01,0.9037999510765076,0.30273922729492186,0.0
75,0.9047999978065492,<class 'model.Wide_ResNet'>,<class 'torch.nn.modules.loss.CrossEntropyLoss'>,<class 'torch.optim.sgd.SGD'>,,cpu,,128,200,128,1024,1,8,,16,4,0.3,10,0.1,0.9,True,0.0005,"<Client: 'inproc://10.139.67.201/51337/1' processes=1 threads=8, memory=17.18 GB>",29716,3803648,76,76,1,41.339184045791626,128,0.01,0.9047999978065492,0.319981689453125,0.0
76,0.9014999866485596,<class 'model.Wide_ResNet'>,<class 'torch.nn.modules.loss.CrossEntropyLoss'>,<class 'torch.optim.sgd.SGD'>,,cpu,,128,200,128,1024,1,8,,16,4,0.3,10,0.1,0.9,True,0.0005,"<Client: 'inproc://10.139.67.201/51337/1' processes=1 threads=8, memory=17.18 GB>",30107,3853696,77,77,1,34.46758985519409,128,0.01,0.9014999866485596,0.31948164978027344,0.0
77,0.8957999944686891,<class 'model.Wide_ResNet'>,<class 'torch.nn.modules.loss.CrossEntropyLoss'>,<class 'torch.optim.sgd.SGD'>,,cpu,,128,200,128,1024,1,8,,16,4,0.3,10,0.1,0.9,True,0.0005,"<Client: 'inproc://10.139.67.201/51337/1' processes=1 threads=8, memory=17.18 GB>",30498,3903744,78,78,1,34.50205397605896,128,0.01,0.8957999944686891,0.3435647216796875,0.0
78,0.8951999545097351,<class 'model.Wide_ResNet'>,<class 'torch.nn.modules.loss.CrossEntropyLoss'>,<class 'torch.optim.sgd.SGD'>,,cpu,,128,200,128,1024,1,8,,16,4,0.3,10,0.1,0.9,True,0.0005,"<Client: 'inproc://10.139.67.201/51337/1' processes=1 threads=8, memory=17.18 GB>",30889,3953792,79,79,1,34.74364709854126,128,0.01,0.8951999545097351,0.33455493774414063,0.0
79,0.8988999724388123,<class 'model.Wide_ResNet'>,<class 'torch.nn.modules.loss.CrossEntropyLoss'>,<class 'torch.optim.sgd.SGD'>,,cpu,,128,200,128,1024,1,8,,16,4,0.3,10,0.1,0.9,True,0.0005,"<Client: 'inproc://10.139.67.201/51337/1' processes=1 threads=8, memory=17.18 GB>",31280,4003840,80,80,1,40.185853004455566,128,0.01,0.8988999724388123,0.3204816558837891,0.0
80,0.8953999876976013,<class 'model.Wide_ResNet'>,<class 'torch.nn.modules.loss.CrossEntropyLoss'>,<class 'torch.optim.sgd.SGD'>,,cpu,,128,200,128,1024,1,8,,16,4,0.3,10,0.1,0.9,True,0.0005,"<Client: 'inproc://10.139.67.201/51337/1' processes=1 threads=8, memory=17.18 GB>",31671,4053888,81,81,1,49.58958101272583,128,0.01,0.8953999876976013,0.3364598358154297,0.0
81,0.8966999650001526,<class 'model.Wide_ResNet'>,<class 'torch.nn.modules.loss.CrossEntropyLoss'>,<class 'torch.optim.sgd.SGD'>,,cpu,,128,200,128,1024,1,8,,16,4,0.3,10,0.1,0.9,True,0.0005,"<Client: 'inproc://10.139.67.201/51337/1' processes=1 threads=8, memory=17.18 GB>",32062,4103936,82,82,1,46.27847671508789,128,0.01,0.8966999650001526,0.34408092041015625,0.0
82,0.8889999985694885,<class 'model.Wide_ResNet'>,<class 'torch.nn.modules.loss.CrossEntropyLoss'>,<class 'torch.optim.sgd.SGD'>,,cpu,,128,200,128,1024,1,8,,16,4,0.3,10,0.1,0.9,True,0.0005,"<Client: 'inproc://10.139.67.201/51337/1' processes=1 threads=8, memory=17.18 GB>",32453,4153984,83,83,1,47.38113594055176,128,0.01,0.8889999985694885,0.35328745422363284,0.0
83,0.8917999863624573,<class 'model.Wide_ResNet'>,<class 'torch.nn.modules.loss.CrossEntropyLoss'>,<class 'torch.optim.sgd.SGD'>,,cpu,,128,200,128,1024,1,8,,16,4,0.3,10,0.1,0.9,True,0.0005,"<Client: 'inproc://10.139.67.201/51337/1' processes=1 threads=8, memory=17.18 GB>",32844,4204032,84,84,1,42.3121600151062,128,0.01,0.8917999863624573,0.3352099090576172,0.0
84,0.8910999894142151,<class 'model.Wide_ResNet'>,<class 'torch.nn.modules.loss.CrossEntropyLoss'>,<class 'torch.optim.sgd.SGD'>,,cpu,,128,200,128,1024,1,8,,16,4,0.3,10,0.1,0.9,True,0.0005,"<Client: 'inproc://10.139.67.201/51337/1' processes=1 threads=8, memory=17.18 GB>",33235,4254080,85,85,1,40.44500708580017,128,0.01,0.8910999894142151,0.3446672821044922,0.0
85,0.9005999565124512,<class 'model.Wide_ResNet'>,<class 'torch.nn.modules.loss.CrossEntropyLoss'>,<class 'torch.optim.sgd.SGD'>,,cpu,,128,200,128,1024,1,8,,16,4,0.3,10,0.1,0.9,True,0.0005,"<Client: 'inproc://10.139.67.201/51337/1' processes=1 threads=8, memory=17.18 GB>",33626,4304128,86,86,1,46.24931597709656,128,0.01,0.9005999565124512,0.3200869995117188,0.0
86,0.8986999988555908,<class 'model.Wide_ResNet'>,<class 'torch.nn.modules.loss.CrossEntropyLoss'>,<class 'torch.optim.sgd.SGD'>,,cpu,,128,200,128,1024,1,8,,16,4,0.3,10,0.1,0.9,True,0.0005,"<Client: 'inproc://10.139.67.201/51337/1' processes=1 threads=8, memory=17.18 GB>",34017,4354176,87,87,1,40.21579599380493,128,0.01,0.8986999988555908,0.3188402099609375,0.0
87,0.9003999829292297,<class 'model.Wide_ResNet'>,<class 'torch.nn.modules.loss.CrossEntropyLoss'>,<class 'torch.optim.sgd.SGD'>,,cpu,,128,200,128,1024,1,8,,16,4,0.3,10,0.1,0.9,True,0.0005,"<Client: 'inproc://10.139.67.201/51337/1' processes=1 threads=8, memory=17.18 GB>",34408,4404224,88,88,1,44.032084941864014,128,0.01,0.9003999829292297,0.3275617218017578,0.0
88,0.8930000066757202,<class 'model.Wide_ResNet'>,<class 'torch.nn.modules.loss.CrossEntropyLoss'>,<class 'torch.optim.sgd.SGD'>,,cpu,,128,200,128,1024,1,8,,16,4,0.3,10,0.1,0.9,True,0.0005,"<Client: 'inproc://10.139.67.201/51337/1' processes=1 threads=8, memory=17.18 GB>",34799,4454272,89,89,1,40.428332805633545,128,0.01,0.8930000066757202,0.3457608154296875,0.0
89,0.8973000049591064,<class 'model.Wide_ResNet'>,<class 'torch.nn.modules.loss.CrossEntropyLoss'>,<class 'torch.optim.sgd.SGD'>,,cpu,,128,200,128,1024,1,8,,16,4,0.3,10,0.1,0.9,True,0.0005,"<Client: 'inproc://10.139.67.201/51337/1' processes=1 threads=8, memory=17.18 GB>",35190,4504320,90,90,1,44.46125912666321,128,0.01,0.8973000049591064,0.3394277587890625,0.0
90,0.9016999602317809,<class 'model.Wide_ResNet'>,<class 'torch.nn.modules.loss.CrossEntropyLoss'>,<class 'torch.optim.sgd.SGD'>,,cpu,,128,200,128,1024,1,8,,16,4,0.3,10,0.1,0.9,True,0.0005,"<Client: 'inproc://10.139.67.201/51337/1' processes=1 threads=8, memory=17.18 GB>",35581,4554368,91,91,1,46.64875388145447,128,0.01,0.9016999602317809,0.3135360290527344,0.0
91,0.8894999623298645,<class 'model.Wide_ResNet'>,<class 'torch.nn.modules.loss.CrossEntropyLoss'>,<class 'torch.optim.sgd.SGD'>,,cpu,,128,200,128,1024,1,8,,16,4,0.3,10,0.1,0.9,True,0.0005,"<Client: 'inproc://10.139.67.201/51337/1' processes=1 threads=8, memory=17.18 GB>",35972,4604416,92,92,1,43.28896403312683,128,0.01,0.8894999623298645,0.35290010986328124,0.0
92,0.883899986743927,<class 'model.Wide_ResNet'>,<class 'torch.nn.modules.loss.CrossEntropyLoss'>,<class 'torch.optim.sgd.SGD'>,,cpu,,128,200,128,1024,1,8,,16,4,0.3,10,0.1,0.9,True,0.0005,"<Client: 'inproc://10.139.67.201/51337/1' processes=1 threads=8, memory=17.18 GB>",36363,4654464,93,93,1,46.14483880996704,128,0.01,0.883899986743927,0.3742018768310547,0.0
93,0.8888999819755554,<class 'model.Wide_ResNet'>,<class 'torch.nn.modules.loss.CrossEntropyLoss'>,<class 'torch.optim.sgd.SGD'>,,cpu,,128,200,128,1024,1,8,,16,4,0.3,10,0.1,0.9,True,0.0005,"<Client: 'inproc://10.139.67.201/51337/1' processes=1 threads=8, memory=17.18 GB>",36754,4704512,94,94,1,44.739400148391724,128,0.01,0.8888999819755554,0.3596751007080078,0.0
94,0.9001999497413635,<class 'model.Wide_ResNet'>,<class 'torch.nn.modules.loss.CrossEntropyLoss'>,<class 'torch.optim.sgd.SGD'>,,cpu,,128,200,128,1024,1,8,,16,4,0.3,10,0.1,0.9,True,0.0005,"<Client: 'inproc://10.139.67.201/51337/1' processes=1 threads=8, memory=17.18 GB>",37145,4754560,95,95,1,45.21275973320007,128,0.01,0.9001999497413635,0.3218343444824219,0.0
95,0.8957999944686891,<class 'model.Wide_ResNet'>,<class 'torch.nn.modules.loss.CrossEntropyLoss'>,<class 'torch.optim.sgd.SGD'>,,cpu,,128,200,128,1024,1,8,,16,4,0.3,10,0.1,0.9,True,0.0005,"<Client: 'inproc://10.139.67.201/51337/1' processes=1 threads=8, memory=17.18 GB>",37536,4804608,96,96,1,46.4385552406311,128,0.01,0.8957999944686891,0.3305562164306641,0.0
96,0.9037999510765076,<class 'model.Wide_ResNet'>,<class 'torch.nn.modules.loss.CrossEntropyLoss'>,<class 'torch.optim.sgd.SGD'>,,cpu,,128,200,128,1024,1,8,,16,4,0.3,10,0.1,0.9,True,0.0005,"<Client: 'inproc://10.139.67.201/51337/1' processes=1 threads=8, memory=17.18 GB>",37927,4854656,97,97,1,45.54064106941223,128,0.01,0.9037999510765076,0.3166806488037109,0.0
97,0.8969999551773071,<class 'model.Wide_ResNet'>,<class 'torch.nn.modules.loss.CrossEntropyLoss'>,<class 'torch.optim.sgd.SGD'>,,cpu,,128,200,128,1024,1,8,,16,4,0.3,10,0.1,0.9,True,0.0005,"<Client: 'inproc://10.139.67.201/51337/1' processes=1 threads=8, memory=17.18 GB>",38318,4904704,98,98,1,45.14315891265869,128,0.01,0.8969999551773071,0.3249139404296875,0.0
98,0.8938999772071838,<class 'model.Wide_ResNet'>,<class 'torch.nn.modules.loss.CrossEntropyLoss'>,<class 'torch.optim.sgd.SGD'>,,cpu,,128,200,128,1024,1,8,,16,4,0.3,10,0.1,0.9,True,0.0005,"<Client: 'inproc://10.139.67.201/51337/1' processes=1 threads=8, memory=17.18 GB>",38709,4954752,99,99,1,46.39488220214844,128,0.01,0.8938999772071838,0.3395511993408203,0.0
99,0.8956999778747559,<class 'model.Wide_ResNet'>,<class 'torch.nn.modules.loss.CrossEntropyLoss'>,<class 'torch.optim.sgd.SGD'>,,cpu,,128,200,128,1024,1,8,,16,4,0.3,10,0.1,0.9,True,0.0005,"<Client: 'inproc://10.139.67.201/51337/1' processes=1 threads=8, memory=17.18 GB>",39100,5004800,100,100,1,44.3505859375,128,0.01,0.8956999778747559,0.3354788696289063,0.0
100,0.8894999623298645,<class 'model.Wide_ResNet'>,<class 'torch.nn.modules.loss.CrossEntropyLoss'>,<class 'torch.optim.sgd.SGD'>,,cpu,,128,200,128,1024,1,8,,16,4,0.3,10,0.1,0.9,True,0.0005,"<Client: 'inproc://10.139.67.201/51337/1' processes=1 threads=8, memory=17.18 GB>",39491,5054848,101,101,1,45.21854066848755,128,0.01,0.8894999623298645,0.35510877990722656,0.0
101,0.8955999612808228,<class 'model.Wide_ResNet'>,<class 'torch.nn.modules.loss.CrossEntropyLoss'>,<class 'torch.optim.sgd.SGD'>,,cpu,,128,200,128,1024,1,8,,16,4,0.3,10,0.1,0.9,True,0.0005,"<Client: 'inproc://10.139.67.201/51337/1' processes=1 threads=8, memory=17.18 GB>",39882,5104896,102,102,1,46.173681020736694,128,0.01,0.8955999612808228,0.3347609405517578,0.0
102,0.8963999748229979,<class 'model.Wide_ResNet'>,<class 'torch.nn.modules.loss.CrossEntropyLoss'>,<class 'torch.optim.sgd.SGD'>,,cpu,,128,200,128,1024,1,8,,16,4,0.3,10,0.1,0.9,True,0.0005,"<Client: 'inproc://10.139.67.201/51337/1' processes=1 threads=8, memory=17.18 GB>",40273,5154944,103,103,1,45.12688493728638,128,0.01,0.8963999748229979,0.33144629821777344,0.0
103,0.8894000053405762,<class 'model.Wide_ResNet'>,<class 'torch.nn.modules.loss.CrossEntropyLoss'>,<class 'torch.optim.sgd.SGD'>,,cpu,,128,200,128,1024,1,8,,16,4,0.3,10,0.1,0.9,True,0.0005,"<Client: 'inproc://10.139.67.201/51337/1' processes=1 threads=8, memory=17.18 GB>",40664,5204992,104,104,1,46.3713858127594,128,0.01,0.8894000053405762,0.3490664825439453,0.0
104,0.8933999538421631,<class 'model.Wide_ResNet'>,<class 'torch.nn.modules.loss.CrossEntropyLoss'>,<class 'torch.optim.sgd.SGD'>,,cpu,,128,200,128,1024,1,8,,16,4,0.3,10,0.1,0.9,True,0.0005,"<Client: 'inproc://10.139.67.201/51337/1' processes=1 threads=8, memory=17.18 GB>",41055,5255040,105,105,1,45.08545422554016,128,0.01,0.8933999538421631,0.3292952392578125,0.0
105,0.8976999521255493,<class 'model.Wide_ResNet'>,<class 'torch.nn.modules.loss.CrossEntropyLoss'>,<class 'torch.optim.sgd.SGD'>,,cpu,,128,200,128,1024,1,8,,16,4,0.3,10,0.1,0.9,True,0.0005,"<Client: 'inproc://10.139.67.201/51337/1' processes=1 threads=8, memory=17.18 GB>",41446,5305088,106,106,1,45.60614609718323,128,0.01,0.8976999521255493,0.3336223052978516,0.0
106,0.8985999822616577,<class 'model.Wide_ResNet'>,<class 'torch.nn.modules.loss.CrossEntropyLoss'>,<class 'torch.optim.sgd.SGD'>,,cpu,,128,200,128,1024,1,8,,16,4,0.3,10,0.1,0.9,True,0.0005,"<Client: 'inproc://10.139.67.201/51337/1' processes=1 threads=8, memory=17.18 GB>",41837,5355136,107,107,1,42.90705466270447,128,0.01,0.8985999822616577,0.3355989013671875,0.0
107,0.8912000060081482,<class 'model.Wide_ResNet'>,<class 'torch.nn.modules.loss.CrossEntropyLoss'>,<class 'torch.optim.sgd.SGD'>,,cpu,,128,200,128,1024,1,8,,16,4,0.3,10,0.1,0.9,True,0.0005,"<Client: 'inproc://10.139.67.201/51337/1' processes=1 threads=8, memory=17.18 GB>",42228,5405184,108,108,1,41.112728118896484,128,0.01,0.8912000060081482,0.35252704772949217,0.0
108,0.8960999846458435,<class 'model.Wide_ResNet'>,<class 'torch.nn.modules.loss.CrossEntropyLoss'>,<class 'torch.optim.sgd.SGD'>,,cpu,,128,200,128,1024,1,8,,16,4,0.3,10,0.1,0.9,True,0.0005,"<Client: 'inproc://10.139.67.201/51337/1' processes=1 threads=8, memory=17.18 GB>",42619,5455232,109,109,1,41.15486788749695,128,0.01,0.8960999846458435,0.33026314697265624,0.0
109,0.8928999900817871,<class 'model.Wide_ResNet'>,<class 'torch.nn.modules.loss.CrossEntropyLoss'>,<class 'torch.optim.sgd.SGD'>,,cpu,,128,200,128,1024,1,8,,16,4,0.3,10,0.1,0.9,True,0.0005,"<Client: 'inproc://10.139.67.201/51337/1' processes=1 threads=8, memory=17.18 GB>",43010,5505280,110,110,1,40.696171045303345,128,0.01,0.8928999900817871,0.34230828857421874,0.0
110,0.8973000049591064,<class 'model.Wide_ResNet'>,<class 'torch.nn.modules.loss.CrossEntropyLoss'>,<class 'torch.optim.sgd.SGD'>,,cpu,,128,200,128,1024,1,8,,16,4,0.3,10,0.1,0.9,True,0.0005,"<Client: 'inproc://10.139.67.201/51337/1' processes=1 threads=8, memory=17.18 GB>",43401,5555328,111,111,1,42.09459686279297,128,0.01,0.8973000049591064,0.3333722503662109,0.0
111,0.9030999541282654,<class 'model.Wide_ResNet'>,<class 'torch.nn.modules.loss.CrossEntropyLoss'>,<class 'torch.optim.sgd.SGD'>,,cpu,,128,200,128,1024,1,8,,16,4,0.3,10,0.1,0.9,True,0.0005,"<Client: 'inproc://10.139.67.201/51337/1' processes=1 threads=8, memory=17.18 GB>",43792,5605376,112,112,1,45.76825785636902,128,0.01,0.9030999541282654,0.32106636657714843,0.0
112,0.9028999805450441,<class 'model.Wide_ResNet'>,<class 'torch.nn.modules.loss.CrossEntropyLoss'>,<class 'torch.optim.sgd.SGD'>,,cpu,,128,200,128,1024,1,8,,16,4,0.3,10,0.1,0.9,True,0.0005,"<Client: 'inproc://10.139.67.201/51337/1' processes=1 threads=8, memory=17.18 GB>",44183,5655424,113,113,1,44.31249809265137,128,0.01,0.9028999805450441,0.31755519104003904,0.0
113,0.8932999968528748,<class 'model.Wide_ResNet'>,<class 'torch.nn.modules.loss.CrossEntropyLoss'>,<class 'torch.optim.sgd.SGD'>,,cpu,,128,200,128,1024,1,8,,16,4,0.3,10,0.1,0.9,True,0.0005,"<Client: 'inproc://10.139.67.201/51337/1' processes=1 threads=8, memory=17.18 GB>",44574,5705472,114,114,1,43.89792585372925,128,0.01,0.8932999968528748,0.3381745025634766,0.0
114,0.8901000022888184,<class 'model.Wide_ResNet'>,<class 'torch.nn.modules.loss.CrossEntropyLoss'>,<class 'torch.optim.sgd.SGD'>,,cpu,,128,200,128,1024,1,8,,16,4,0.3,10,0.1,0.9,True,0.0005,"<Client: 'inproc://10.139.67.201/51337/1' processes=1 threads=8, memory=17.18 GB>",44965,5755520,115,115,1,48.71870684623718,128,0.01,0.8901000022888184,0.35116781005859377,0.0
115,0.8937000036239624,<class 'model.Wide_ResNet'>,<class 'torch.nn.modules.loss.CrossEntropyLoss'>,<class 'torch.optim.sgd.SGD'>,,cpu,,128,200,128,1024,1,8,,16,4,0.3,10,0.1,0.9,True,0.0005,"<Client: 'inproc://10.139.67.201/51337/1' processes=1 threads=8, memory=17.18 GB>",45356,5805568,116,116,1,37.27453112602234,128,0.01,0.8937000036239624,0.3442059600830078,0.0
116,0.8960999846458435,<class 'model.Wide_ResNet'>,<class 'torch.nn.modules.loss.CrossEntropyLoss'>,<class 'torch.optim.sgd.SGD'>,,cpu,,128,200,128,1024,1,8,,16,4,0.3,10,0.1,0.9,True,0.0005,"<Client: 'inproc://10.139.67.201/51337/1' processes=1 threads=8, memory=17.18 GB>",45747,5855616,117,117,1,46.038620948791504,128,0.01,0.8960999846458435,0.3424450531005859,0.0
117,0.8928999900817871,<class 'model.Wide_ResNet'>,<class 'torch.nn.modules.loss.CrossEntropyLoss'>,<class 'torch.optim.sgd.SGD'>,,cpu,,128,200,128,1024,1,8,,16,4,0.3,10,0.1,0.9,True,0.0005,"<Client: 'inproc://10.139.67.201/51337/1' processes=1 threads=8, memory=17.18 GB>",46138,5905664,118,118,1,44.989129066467285,128,0.01,0.8928999900817871,0.34887168579101563,0.0
118,0.8901000022888184,<class 'model.Wide_ResNet'>,<class 'torch.nn.modules.loss.CrossEntropyLoss'>,<class 'torch.optim.sgd.SGD'>,,cpu,,128,200,128,1024,1,8,,16,4,0.3,10,0.1,0.9,True,0.0005,"<Client: 'inproc://10.139.67.201/51337/1' processes=1 threads=8, memory=17.18 GB>",46529,5955712,119,119,1,39.691076040267944,128,0.01,0.8901000022888184,0.35033143920898435,0.0
119,0.8962000012397766,<class 'model.Wide_ResNet'>,<class 'torch.nn.modules.loss.CrossEntropyLoss'>,<class 'torch.optim.sgd.SGD'>,,cpu,,128,200,128,1024,1,8,,16,4,0.3,10,0.1,0.9,True,0.0005,"<Client: 'inproc://10.139.67.201/51337/1' processes=1 threads=8, memory=17.18 GB>",46920,6005760,120,120,1,37.526910066604614,128,0.01,0.8962000012397766,0.3332419006347656,0.0
120,0.9115999937057496,<class 'model.Wide_ResNet'>,<class 'torch.nn.modules.loss.CrossEntropyLoss'>,<class 'torch.optim.sgd.SGD'>,,cpu,,128,200,128,1024,1,8,,16,4,0.3,10,0.1,0.9,True,0.0005,"<Client: 'inproc://10.139.67.201/51337/1' processes=1 threads=8, memory=17.18 GB>",47311,6055808,121,121,1,42.23812413215637,128,0.002,0.9115999937057496,0.288798764038086,0.0
121,0.9140999913215636,<class 'model.Wide_ResNet'>,<class 'torch.nn.modules.loss.CrossEntropyLoss'>,<class 'torch.optim.sgd.SGD'>,,cpu,,128,200,128,1024,1,8,,16,4,0.3,10,0.1,0.9,True,0.0005,"<Client: 'inproc://10.139.67.201/51337/1' processes=1 threads=8, memory=17.18 GB>",47702,6105856,122,122,1,45.70564675331116,128,0.002,0.9140999913215636,0.2870125793457031,0.0
122,0.913100004196167,<class 'model.Wide_ResNet'>,<class 'torch.nn.modules.loss.CrossEntropyLoss'>,<class 'torch.optim.sgd.SGD'>,,cpu,,128,200,128,1024,1,8,,16,4,0.3,10,0.1,0.9,True,0.0005,"<Client: 'inproc://10.139.67.201/51337/1' processes=1 threads=8, memory=17.18 GB>",48093,6155904,123,123,1,47.0268669128418,128,0.002,0.913100004196167,0.2765278839111328,0.0
123,0.913100004196167,<class 'model.Wide_ResNet'>,<class 'torch.nn.modules.loss.CrossEntropyLoss'>,<class 'torch.optim.sgd.SGD'>,,cpu,,128,200,128,1024,1,8,,16,4,0.3,10,0.1,0.9,True,0.0005,"<Client: 'inproc://10.139.67.201/51337/1' processes=1 threads=8, memory=17.18 GB>",48484,6205952,124,124,1,44.90875291824341,128,0.002,0.913100004196167,0.28355991973876954,0.0
124,0.914900004863739,<class 'model.Wide_ResNet'>,<class 'torch.nn.modules.loss.CrossEntropyLoss'>,<class 'torch.optim.sgd.SGD'>,,cpu,,128,200,128,1024,1,8,,16,4,0.3,10,0.1,0.9,True,0.0005,"<Client: 'inproc://10.139.67.201/51337/1' processes=1 threads=8, memory=17.18 GB>",48875,6256000,125,125,1,44.65385389328003,128,0.002,0.914900004863739,0.2834413421630859,0.0
125,0.915299952030182,<class 'model.Wide_ResNet'>,<class 'torch.nn.modules.loss.CrossEntropyLoss'>,<class 'torch.optim.sgd.SGD'>,,cpu,,128,200,128,1024,1,8,,16,4,0.3,10,0.1,0.9,True,0.0005,"<Client: 'inproc://10.139.67.201/51337/1' processes=1 threads=8, memory=17.18 GB>",49266,6306048,126,126,1,41.114837884902954,128,0.002,0.915299952030182,0.2848771133422852,0.0
126,0.9156999588012696,<class 'model.Wide_ResNet'>,<class 'torch.nn.modules.loss.CrossEntropyLoss'>,<class 'torch.optim.sgd.SGD'>,,cpu,,128,200,128,1024,1,8,,16,4,0.3,10,0.1,0.9,True,0.0005,"<Client: 'inproc://10.139.67.201/51337/1' processes=1 threads=8, memory=17.18 GB>",49657,6356096,127,127,1,39.52973508834839,128,0.002,0.9156999588012696,0.2734142852783203,0.0
127,0.916599988937378,<class 'model.Wide_ResNet'>,<class 'torch.nn.modules.loss.CrossEntropyLoss'>,<class 'torch.optim.sgd.SGD'>,,cpu,,128,200,128,1024,1,8,,16,4,0.3,10,0.1,0.9,True,0.0005,"<Client: 'inproc://10.139.67.201/51337/1' processes=1 threads=8, memory=17.18 GB>",50048,6406144,128,128,1,38.41662096977234,128,0.002,0.916599988937378,0.28054584350585937,0.0
128,0.917199969291687,<class 'model.Wide_ResNet'>,<class 'torch.nn.modules.loss.CrossEntropyLoss'>,<class 'torch.optim.sgd.SGD'>,,cpu,,128,200,128,1024,1,8,,16,4,0.3,10,0.1,0.9,True,0.0005,"<Client: 'inproc://10.139.67.201/51337/1' processes=1 threads=8, memory=17.18 GB>",50439,6456192,129,129,1,37.10655903816223,128,0.002,0.917199969291687,0.27216133422851563,0.0
129,0.917199969291687,<class 'model.Wide_ResNet'>,<class 'torch.nn.modules.loss.CrossEntropyLoss'>,<class 'torch.optim.sgd.SGD'>,,cpu,,128,200,128,1024,1,8,,16,4,0.3,10,0.1,0.9,True,0.0005,"<Client: 'inproc://10.139.67.201/51337/1' processes=1 threads=8, memory=17.18 GB>",50830,6506240,130,130,1,43.88481402397156,128,0.002,0.917199969291687,0.2805067520141601,0.0
130,0.9150999784469604,<class 'model.Wide_ResNet'>,<class 'torch.nn.modules.loss.CrossEntropyLoss'>,<class 'torch.optim.sgd.SGD'>,,cpu,,128,200,128,1024,1,8,,16,4,0.3,10,0.1,0.9,True,0.0005,"<Client: 'inproc://10.139.67.201/51337/1' processes=1 threads=8, memory=17.18 GB>",51221,6556288,131,131,1,45.00043606758118,128,0.002,0.9150999784469604,0.2809906707763672,0.0
131,0.9146999716758728,<class 'model.Wide_ResNet'>,<class 'torch.nn.modules.loss.CrossEntropyLoss'>,<class 'torch.optim.sgd.SGD'>,,cpu,,128,200,128,1024,1,8,,16,4,0.3,10,0.1,0.9,True,0.0005,"<Client: 'inproc://10.139.67.201/51337/1' processes=1 threads=8, memory=17.18 GB>",51612,6606336,132,132,1,43.29411292076111,128,0.002,0.9146999716758728,0.2829071640014648,0.0
132,0.9167999625205994,<class 'model.Wide_ResNet'>,<class 'torch.nn.modules.loss.CrossEntropyLoss'>,<class 'torch.optim.sgd.SGD'>,,cpu,,128,200,128,1024,1,8,,16,4,0.3,10,0.1,0.9,True,0.0005,"<Client: 'inproc://10.139.67.201/51337/1' processes=1 threads=8, memory=17.18 GB>",52003,6656384,133,133,1,40.862853050231934,128,0.002,0.9167999625205994,0.27598455810546874,0.0
133,0.9158999919891356,<class 'model.Wide_ResNet'>,<class 'torch.nn.modules.loss.CrossEntropyLoss'>,<class 'torch.optim.sgd.SGD'>,,cpu,,128,200,128,1024,1,8,,16,4,0.3,10,0.1,0.9,True,0.0005,"<Client: 'inproc://10.139.67.201/51337/1' processes=1 threads=8, memory=17.18 GB>",52394,6706432,134,134,1,39.48154592514038,128,0.002,0.9158999919891356,0.2788902114868164,0.0
134,0.9164999723434448,<class 'model.Wide_ResNet'>,<class 'torch.nn.modules.loss.CrossEntropyLoss'>,<class 'torch.optim.sgd.SGD'>,,cpu,,128,200,128,1024,1,8,,16,4,0.3,10,0.1,0.9,True,0.0005,"<Client: 'inproc://10.139.67.201/51337/1' processes=1 threads=8, memory=17.18 GB>",52785,6756480,135,135,1,37.39255213737488,128,0.002,0.9164999723434448,0.2777892578125,0.0
135,0.920199990272522,<class 'model.Wide_ResNet'>,<class 'torch.nn.modules.loss.CrossEntropyLoss'>,<class 'torch.optim.sgd.SGD'>,,cpu,,128,200,128,1024,1,8,,16,4,0.3,10,0.1,0.9,True,0.0005,"<Client: 'inproc://10.139.67.201/51337/1' processes=1 threads=8, memory=17.18 GB>",53176,6806528,136,136,1,39.886818170547485,128,0.002,0.920199990272522,0.2694520050048828,0.0
136,0.9178999662399292,<class 'model.Wide_ResNet'>,<class 'torch.nn.modules.loss.CrossEntropyLoss'>,<class 'torch.optim.sgd.SGD'>,,cpu,,128,200,128,1024,1,8,,16,4,0.3,10,0.1,0.9,True,0.0005,"<Client: 'inproc://10.139.67.201/51337/1' processes=1 threads=8, memory=17.18 GB>",53567,6856576,137,137,1,44.02625513076782,128,0.002,0.9178999662399292,0.2718782104492187,0.0
137,0.917099952697754,<class 'model.Wide_ResNet'>,<class 'torch.nn.modules.loss.CrossEntropyLoss'>,<class 'torch.optim.sgd.SGD'>,,cpu,,128,200,128,1024,1,8,,16,4,0.3,10,0.1,0.9,True,0.0005,"<Client: 'inproc://10.139.67.201/51337/1' processes=1 threads=8, memory=17.18 GB>",53958,6906624,138,138,1,37.664474964141846,128,0.002,0.917099952697754,0.2780974319458008,0.0
138,0.9192999601364136,<class 'model.Wide_ResNet'>,<class 'torch.nn.modules.loss.CrossEntropyLoss'>,<class 'torch.optim.sgd.SGD'>,,cpu,,128,200,128,1024,1,8,,16,4,0.3,10,0.1,0.9,True,0.0005,"<Client: 'inproc://10.139.67.201/51337/1' processes=1 threads=8, memory=17.18 GB>",54349,6956672,139,139,1,37.66743516921997,128,0.002,0.9192999601364136,0.273547200012207,0.0
139,0.9192000031471252,<class 'model.Wide_ResNet'>,<class 'torch.nn.modules.loss.CrossEntropyLoss'>,<class 'torch.optim.sgd.SGD'>,,cpu,,128,200,128,1024,1,8,,16,4,0.3,10,0.1,0.9,True,0.0005,"<Client: 'inproc://10.139.67.201/51337/1' processes=1 threads=8, memory=17.18 GB>",54740,7006720,140,140,1,36.718300104141235,128,0.002,0.9192000031471252,0.2760500228881836,0.0
140,0.9133999943733216,<class 'model.Wide_ResNet'>,<class 'torch.nn.modules.loss.CrossEntropyLoss'>,<class 'torch.optim.sgd.SGD'>,,cpu,,128,200,128,1024,1,8,,16,4,0.3,10,0.1,0.9,True,0.0005,"<Client: 'inproc://10.139.67.201/51337/1' processes=1 threads=8, memory=17.18 GB>",55131,7056768,141,141,1,42.147315979003906,128,0.002,0.9133999943733216,0.2863528015136719,0.0
