epoch,score,module,loss,optimizer,metrics,device,cluster,grads_per_worker,max_epochs,lr,batch_size,max_batch_size,worker_max_batch_size,min_workers,max_workers,random_state,module__depth,module__widen_factor,module__dropout_rate,module__num_classes,optimizer__lr,optimizer__momentum,optimizer__nesterov,optimizer__weight_decay,client,n_updates,n_data,score__calls,partial_fit__calls,n_workers,damping_,batch_size_,lr_,partial_fit__time,score__acc,score__loss,score__time
0,0.5884999632835388,<class 'model.Wide_ResNet'>,<class 'torch.nn.modules.loss.CrossEntropyLoss'>,<class 'torch.optim.sgd.SGD'>,,cuda:0,,128,200,1,128,,1024,1,8,,16,4,0.3,10,0.1,0.9,True,0.0005,"<Client: 'inproc://172.31.40.124/4380/1' processes=1 threads=4, memory=16.48 GB>",391,50048,1,1,1,128,128,0.1,60.190881967544556,0.5884999632835388,1.1521761596679687,0.0
1,0.6516000032424927,<class 'model.Wide_ResNet'>,<class 'torch.nn.modules.loss.CrossEntropyLoss'>,<class 'torch.optim.sgd.SGD'>,,cuda:0,,128,200,1,128,,1024,1,8,,16,4,0.3,10,0.1,0.9,True,0.0005,"<Client: 'inproc://172.31.40.124/4380/1' processes=1 threads=4, memory=16.48 GB>",782,100096,2,2,1,128,128,0.1,60.15164113044739,0.6516000032424927,0.9844200073242187,0.0
2,0.7285000085830688,<class 'model.Wide_ResNet'>,<class 'torch.nn.modules.loss.CrossEntropyLoss'>,<class 'torch.optim.sgd.SGD'>,,cuda:0,,128,200,1,128,,1024,1,8,,16,4,0.3,10,0.1,0.9,True,0.0005,"<Client: 'inproc://172.31.40.124/4380/1' processes=1 threads=4, memory=16.48 GB>",1173,150144,3,3,1,128,128,0.1,60.04309964179993,0.7285000085830688,0.80854052734375,0.0
3,0.7662000060081482,<class 'model.Wide_ResNet'>,<class 'torch.nn.modules.loss.CrossEntropyLoss'>,<class 'torch.optim.sgd.SGD'>,,cuda:0,,128,200,1,128,,1024,1,8,,16,4,0.3,10,0.1,0.9,True,0.0005,"<Client: 'inproc://172.31.40.124/4380/1' processes=1 threads=4, memory=16.48 GB>",1564,200192,4,4,1,128,128,0.1,59.76917052268982,0.7662000060081482,0.6830350463867187,0.0
4,0.7896999716758728,<class 'model.Wide_ResNet'>,<class 'torch.nn.modules.loss.CrossEntropyLoss'>,<class 'torch.optim.sgd.SGD'>,,cuda:0,,128,200,1,128,,1024,1,8,,16,4,0.3,10,0.1,0.9,True,0.0005,"<Client: 'inproc://172.31.40.124/4380/1' processes=1 threads=4, memory=16.48 GB>",1955,250240,5,5,1,128,128,0.1,59.88012433052063,0.7896999716758728,0.6296020690917968,0.0
5,0.7972999811172485,<class 'model.Wide_ResNet'>,<class 'torch.nn.modules.loss.CrossEntropyLoss'>,<class 'torch.optim.sgd.SGD'>,,cuda:0,,128,200,1,128,,1024,1,8,,16,4,0.3,10,0.1,0.9,True,0.0005,"<Client: 'inproc://172.31.40.124/4380/1' processes=1 threads=4, memory=16.48 GB>",2346,300288,6,6,1,128,128,0.1,60.199729204177856,0.7972999811172485,0.5989059997558593,0.0
6,0.8024999499320984,<class 'model.Wide_ResNet'>,<class 'torch.nn.modules.loss.CrossEntropyLoss'>,<class 'torch.optim.sgd.SGD'>,,cuda:0,,128,200,1,128,,1024,1,8,,16,4,0.3,10,0.1,0.9,True,0.0005,"<Client: 'inproc://172.31.40.124/4380/1' processes=1 threads=4, memory=16.48 GB>",2737,350336,7,7,1,128,128,0.1,60.136714458465576,0.8024999499320984,0.5876081237792968,0.0
7,0.8089999556541443,<class 'model.Wide_ResNet'>,<class 'torch.nn.modules.loss.CrossEntropyLoss'>,<class 'torch.optim.sgd.SGD'>,,cuda:0,,128,200,1,128,,1024,1,8,,16,4,0.3,10,0.1,0.9,True,0.0005,"<Client: 'inproc://172.31.40.124/4380/1' processes=1 threads=4, memory=16.48 GB>",3128,400384,8,8,1,128,128,0.1,60.09062910079956,0.8089999556541443,0.5663000549316406,0.0
8,0.8148999810218811,<class 'model.Wide_ResNet'>,<class 'torch.nn.modules.loss.CrossEntropyLoss'>,<class 'torch.optim.sgd.SGD'>,,cuda:0,,128,200,1,128,,1024,1,8,,16,4,0.3,10,0.1,0.9,True,0.0005,"<Client: 'inproc://172.31.40.124/4380/1' processes=1 threads=4, memory=16.48 GB>",3519,450432,9,9,1,128,128,0.1,60.04102301597595,0.8148999810218811,0.5412092163085938,0.0
9,0.8120999932289124,<class 'model.Wide_ResNet'>,<class 'torch.nn.modules.loss.CrossEntropyLoss'>,<class 'torch.optim.sgd.SGD'>,,cuda:0,,128,200,1,128,,1024,1,8,,16,4,0.3,10,0.1,0.9,True,0.0005,"<Client: 'inproc://172.31.40.124/4380/1' processes=1 threads=4, memory=16.48 GB>",3910,500480,10,10,1,128,128,0.1,60.04797029495239,0.8120999932289124,0.5666390625,0.0
10,0.8294000029563904,<class 'model.Wide_ResNet'>,<class 'torch.nn.modules.loss.CrossEntropyLoss'>,<class 'torch.optim.sgd.SGD'>,,cuda:0,,128,200,1,128,,1024,1,8,,16,4,0.3,10,0.1,0.9,True,0.0005,"<Client: 'inproc://172.31.40.124/4380/1' processes=1 threads=4, memory=16.48 GB>",4301,550528,11,11,1,128,128,0.1,60.39175581932068,0.8294000029563904,0.5044782318115234,0.0
11,0.8185999989509583,<class 'model.Wide_ResNet'>,<class 'torch.nn.modules.loss.CrossEntropyLoss'>,<class 'torch.optim.sgd.SGD'>,,cuda:0,,128,200,1,128,,1024,1,8,,16,4,0.3,10,0.1,0.9,True,0.0005,"<Client: 'inproc://172.31.40.124/4380/1' processes=1 threads=4, memory=16.48 GB>",4692,600576,12,12,1,128,128,0.1,59.798277616500854,0.8185999989509583,0.5462722045898437,0.0
12,0.8331999778747559,<class 'model.Wide_ResNet'>,<class 'torch.nn.modules.loss.CrossEntropyLoss'>,<class 'torch.optim.sgd.SGD'>,,cuda:0,,128,200,1,128,,1024,1,8,,16,4,0.3,10,0.1,0.9,True,0.0005,"<Client: 'inproc://172.31.40.124/4380/1' processes=1 threads=4, memory=16.48 GB>",5083,650624,13,13,1,128,128,0.1,59.94549083709717,0.8331999778747559,0.5065474060058593,0.0
13,0.8416999578475952,<class 'model.Wide_ResNet'>,<class 'torch.nn.modules.loss.CrossEntropyLoss'>,<class 'torch.optim.sgd.SGD'>,,cuda:0,,128,200,1,128,,1024,1,8,,16,4,0.3,10,0.1,0.9,True,0.0005,"<Client: 'inproc://172.31.40.124/4380/1' processes=1 threads=4, memory=16.48 GB>",5474,700672,14,14,1,128,128,0.1,60.18327760696411,0.8416999578475952,0.4700106811523437,0.0
14,0.8327999711036682,<class 'model.Wide_ResNet'>,<class 'torch.nn.modules.loss.CrossEntropyLoss'>,<class 'torch.optim.sgd.SGD'>,,cuda:0,,128,200,1,128,,1024,1,8,,16,4,0.3,10,0.1,0.9,True,0.0005,"<Client: 'inproc://172.31.40.124/4380/1' processes=1 threads=4, memory=16.48 GB>",5865,750720,15,15,1,128,128,0.1,59.663246393203735,0.8327999711036682,0.4976129852294922,0.0
15,0.8320999741554259,<class 'model.Wide_ResNet'>,<class 'torch.nn.modules.loss.CrossEntropyLoss'>,<class 'torch.optim.sgd.SGD'>,,cuda:0,,128,200,1,128,,1024,1,8,,16,4,0.3,10,0.1,0.9,True,0.0005,"<Client: 'inproc://172.31.40.124/4380/1' processes=1 threads=4, memory=16.48 GB>",6256,800768,16,16,1,128,128,0.1,59.75731611251831,0.8320999741554259,0.5114705657958984,0.0
16,0.8470999598503113,<class 'model.Wide_ResNet'>,<class 'torch.nn.modules.loss.CrossEntropyLoss'>,<class 'torch.optim.sgd.SGD'>,,cuda:0,,128,200,1,128,,1024,1,8,,16,4,0.3,10,0.1,0.9,True,0.0005,"<Client: 'inproc://172.31.40.124/4380/1' processes=1 threads=4, memory=16.48 GB>",6647,850816,17,17,1,128,128,0.1,59.755637884140015,0.8470999598503113,0.4544111907958984,0.0
17,0.8425999879837036,<class 'model.Wide_ResNet'>,<class 'torch.nn.modules.loss.CrossEntropyLoss'>,<class 'torch.optim.sgd.SGD'>,,cuda:0,,128,200,1,128,,1024,1,8,,16,4,0.3,10,0.1,0.9,True,0.0005,"<Client: 'inproc://172.31.40.124/4380/1' processes=1 threads=4, memory=16.48 GB>",7038,900864,18,18,1,128,128,0.1,60.195324182510376,0.8425999879837036,0.4750873992919922,0.0
18,0.8384999632835388,<class 'model.Wide_ResNet'>,<class 'torch.nn.modules.loss.CrossEntropyLoss'>,<class 'torch.optim.sgd.SGD'>,,cuda:0,,128,200,1,128,,1024,1,8,,16,4,0.3,10,0.1,0.9,True,0.0005,"<Client: 'inproc://172.31.40.124/4380/1' processes=1 threads=4, memory=16.48 GB>",7429,950912,19,19,1,128,128,0.1,59.74097990989685,0.8384999632835388,0.4809802551269531,0.0
19,0.8499999642372131,<class 'model.Wide_ResNet'>,<class 'torch.nn.modules.loss.CrossEntropyLoss'>,<class 'torch.optim.sgd.SGD'>,,cuda:0,,128,200,1,128,,1024,1,8,,16,4,0.3,10,0.1,0.9,True,0.0005,"<Client: 'inproc://172.31.40.124/4380/1' processes=1 threads=4, memory=16.48 GB>",7820,1000960,20,20,1,128,128,0.1,59.71389412879944,0.8499999642372131,0.43912332458496095,0.0
20,0.8332999944686891,<class 'model.Wide_ResNet'>,<class 'torch.nn.modules.loss.CrossEntropyLoss'>,<class 'torch.optim.sgd.SGD'>,,cuda:0,,128,200,1,128,,1024,1,8,,16,4,0.3,10,0.1,0.9,True,0.0005,"<Client: 'inproc://172.31.40.124/4380/1' processes=1 threads=4, memory=16.48 GB>",8211,1051008,21,21,1,128,128,0.1,60.333998918533325,0.8332999944686891,0.4955285247802734,0.0
21,0.849399983882904,<class 'model.Wide_ResNet'>,<class 'torch.nn.modules.loss.CrossEntropyLoss'>,<class 'torch.optim.sgd.SGD'>,,cuda:0,,128,200,1,128,,1024,1,8,,16,4,0.3,10,0.1,0.9,True,0.0005,"<Client: 'inproc://172.31.40.124/4380/1' processes=1 threads=4, memory=16.48 GB>",8602,1101056,22,22,1,128,128,0.1,59.75879144668579,0.849399983882904,0.4515823211669922,0.0
22,0.8391999602317809,<class 'model.Wide_ResNet'>,<class 'torch.nn.modules.loss.CrossEntropyLoss'>,<class 'torch.optim.sgd.SGD'>,,cuda:0,,128,200,1,128,,1024,1,8,,16,4,0.3,10,0.1,0.9,True,0.0005,"<Client: 'inproc://172.31.40.124/4380/1' processes=1 threads=4, memory=16.48 GB>",8993,1151104,23,23,1,128,128,0.1,59.70848274230957,0.8391999602317809,0.4783930786132812,0.0
23,0.8438000082969666,<class 'model.Wide_ResNet'>,<class 'torch.nn.modules.loss.CrossEntropyLoss'>,<class 'torch.optim.sgd.SGD'>,,cuda:0,,128,200,1,128,,1024,1,8,,16,4,0.3,10,0.1,0.9,True,0.0005,"<Client: 'inproc://172.31.40.124/4380/1' processes=1 threads=4, memory=16.48 GB>",9384,1201152,24,24,1,128,128,0.1,59.56636643409729,0.8438000082969666,0.460735726928711,0.0
24,0.8572999835014343,<class 'model.Wide_ResNet'>,<class 'torch.nn.modules.loss.CrossEntropyLoss'>,<class 'torch.optim.sgd.SGD'>,,cuda:0,,128,200,1,128,,1024,1,8,,16,4,0.3,10,0.1,0.9,True,0.0005,"<Client: 'inproc://172.31.40.124/4380/1' processes=1 threads=4, memory=16.48 GB>",9775,1251200,25,25,1,128,128,0.1,59.80085611343384,0.8572999835014343,0.4332608123779297,0.0
25,0.8522999882698059,<class 'model.Wide_ResNet'>,<class 'torch.nn.modules.loss.CrossEntropyLoss'>,<class 'torch.optim.sgd.SGD'>,,cuda:0,,128,200,1,128,,1024,1,8,,16,4,0.3,10,0.1,0.9,True,0.0005,"<Client: 'inproc://172.31.40.124/4380/1' processes=1 threads=4, memory=16.48 GB>",10166,1301248,26,26,1,128,128,0.1,60.008795738220215,0.8522999882698059,0.4520384979248047,0.0
26,0.8496999740600586,<class 'model.Wide_ResNet'>,<class 'torch.nn.modules.loss.CrossEntropyLoss'>,<class 'torch.optim.sgd.SGD'>,,cuda:0,,128,200,1,128,,1024,1,8,,16,4,0.3,10,0.1,0.9,True,0.0005,"<Client: 'inproc://172.31.40.124/4380/1' processes=1 threads=4, memory=16.48 GB>",10557,1351296,27,27,1,128,128,0.1,59.9934287071228,0.8496999740600586,0.4632227844238282,0.0
27,0.8603999614715576,<class 'model.Wide_ResNet'>,<class 'torch.nn.modules.loss.CrossEntropyLoss'>,<class 'torch.optim.sgd.SGD'>,,cuda:0,,128,200,1,128,,1024,1,8,,16,4,0.3,10,0.1,0.9,True,0.0005,"<Client: 'inproc://172.31.40.124/4380/1' processes=1 threads=4, memory=16.48 GB>",10948,1401344,28,28,1,128,128,0.1,60.018940925598145,0.8603999614715576,0.4132118927001953,0.0
28,0.842199981212616,<class 'model.Wide_ResNet'>,<class 'torch.nn.modules.loss.CrossEntropyLoss'>,<class 'torch.optim.sgd.SGD'>,,cuda:0,,128,200,1,128,,1024,1,8,,16,4,0.3,10,0.1,0.9,True,0.0005,"<Client: 'inproc://172.31.40.124/4380/1' processes=1 threads=4, memory=16.48 GB>",11339,1451392,29,29,1,128,128,0.1,59.81054425239563,0.842199981212616,0.4739312713623047,0.0
29,0.8375999927520752,<class 'model.Wide_ResNet'>,<class 'torch.nn.modules.loss.CrossEntropyLoss'>,<class 'torch.optim.sgd.SGD'>,,cuda:0,,128,200,1,128,,1024,1,8,,16,4,0.3,10,0.1,0.9,True,0.0005,"<Client: 'inproc://172.31.40.124/4380/1' processes=1 threads=4, memory=16.48 GB>",11730,1501440,30,30,1,128,128,0.1,59.85543775558472,0.8375999927520752,0.4865802612304688,0.0
30,0.8521999716758728,<class 'model.Wide_ResNet'>,<class 'torch.nn.modules.loss.CrossEntropyLoss'>,<class 'torch.optim.sgd.SGD'>,,cuda:0,,128,200,1,128,,1024,1,8,,16,4,0.3,10,0.1,0.9,True,0.0005,"<Client: 'inproc://172.31.40.124/4380/1' processes=1 threads=4, memory=16.48 GB>",12121,1551488,31,31,1,128,128,0.1,59.74108815193176,0.8521999716758728,0.4419390197753906,0.0
31,0.847000002861023,<class 'model.Wide_ResNet'>,<class 'torch.nn.modules.loss.CrossEntropyLoss'>,<class 'torch.optim.sgd.SGD'>,,cuda:0,,128,200,1,128,,1024,1,8,,16,4,0.3,10,0.1,0.9,True,0.0005,"<Client: 'inproc://172.31.40.124/4380/1' processes=1 threads=4, memory=16.48 GB>",12512,1601536,32,32,1,128,128,0.1,60.04709982872009,0.847000002861023,0.4584976654052734,0.0
32,0.8467999696731567,<class 'model.Wide_ResNet'>,<class 'torch.nn.modules.loss.CrossEntropyLoss'>,<class 'torch.optim.sgd.SGD'>,,cuda:0,,128,200,1,128,,1024,1,8,,16,4,0.3,10,0.1,0.9,True,0.0005,"<Client: 'inproc://172.31.40.124/4380/1' processes=1 threads=4, memory=16.48 GB>",12903,1651584,33,33,1,128,128,0.1,59.59408450126648,0.8467999696731567,0.4562003295898437,0.0
33,0.8402000069618225,<class 'model.Wide_ResNet'>,<class 'torch.nn.modules.loss.CrossEntropyLoss'>,<class 'torch.optim.sgd.SGD'>,,cuda:0,,128,200,1,128,,1024,1,8,,16,4,0.3,10,0.1,0.9,True,0.0005,"<Client: 'inproc://172.31.40.124/4380/1' processes=1 threads=4, memory=16.48 GB>",13294,1701632,34,34,1,128,128,0.1,59.758371114730835,0.8402000069618225,0.4830216217041016,0.0
34,0.8450999855995178,<class 'model.Wide_ResNet'>,<class 'torch.nn.modules.loss.CrossEntropyLoss'>,<class 'torch.optim.sgd.SGD'>,,cuda:0,,128,200,1,128,,1024,1,8,,16,4,0.3,10,0.1,0.9,True,0.0005,"<Client: 'inproc://172.31.40.124/4380/1' processes=1 threads=4, memory=16.48 GB>",13685,1751680,35,35,1,128,128,0.1,60.08402633666992,0.8450999855995178,0.4675248565673828,0.0
35,0.8447999954223633,<class 'model.Wide_ResNet'>,<class 'torch.nn.modules.loss.CrossEntropyLoss'>,<class 'torch.optim.sgd.SGD'>,,cuda:0,,128,200,1,128,,1024,1,8,,16,4,0.3,10,0.1,0.9,True,0.0005,"<Client: 'inproc://172.31.40.124/4380/1' processes=1 threads=4, memory=16.48 GB>",14076,1801728,36,36,1,128,128,0.1,60.412835121154785,0.8447999954223633,0.461774642944336,0.0
36,0.8594999909400941,<class 'model.Wide_ResNet'>,<class 'torch.nn.modules.loss.CrossEntropyLoss'>,<class 'torch.optim.sgd.SGD'>,,cuda:0,,128,200,1,128,,1024,1,8,,16,4,0.3,10,0.1,0.9,True,0.0005,"<Client: 'inproc://172.31.40.124/4380/1' processes=1 threads=4, memory=16.48 GB>",14467,1851776,37,37,1,128,128,0.1,59.54528737068176,0.8594999909400941,0.4288013610839844,0.0
37,0.8549000024795532,<class 'model.Wide_ResNet'>,<class 'torch.nn.modules.loss.CrossEntropyLoss'>,<class 'torch.optim.sgd.SGD'>,,cuda:0,,128,200,1,128,,1024,1,8,,16,4,0.3,10,0.1,0.9,True,0.0005,"<Client: 'inproc://172.31.40.124/4380/1' processes=1 threads=4, memory=16.48 GB>",14858,1901824,38,38,1,128,128,0.1,59.814144134521484,0.8549000024795532,0.4444818725585937,0.0
38,0.8585999608039856,<class 'model.Wide_ResNet'>,<class 'torch.nn.modules.loss.CrossEntropyLoss'>,<class 'torch.optim.sgd.SGD'>,,cuda:0,,128,200,1,128,,1024,1,8,,16,4,0.3,10,0.1,0.9,True,0.0005,"<Client: 'inproc://172.31.40.124/4380/1' processes=1 threads=4, memory=16.48 GB>",15249,1951872,39,39,1,128,128,0.1,59.80650091171265,0.8585999608039856,0.438614682006836,0.0
39,0.8538999557495117,<class 'model.Wide_ResNet'>,<class 'torch.nn.modules.loss.CrossEntropyLoss'>,<class 'torch.optim.sgd.SGD'>,,cuda:0,,128,200,1,128,,1024,1,8,,16,4,0.3,10,0.1,0.9,True,0.0005,"<Client: 'inproc://172.31.40.124/4380/1' processes=1 threads=4, memory=16.48 GB>",15640,2001920,40,40,1,128,128,0.1,60.18956756591797,0.8538999557495117,0.44641277770996096,0.0
40,0.8592000007629395,<class 'model.Wide_ResNet'>,<class 'torch.nn.modules.loss.CrossEntropyLoss'>,<class 'torch.optim.sgd.SGD'>,,cuda:0,,128,200,1,128,,1024,1,8,,16,4,0.3,10,0.1,0.9,True,0.0005,"<Client: 'inproc://172.31.40.124/4380/1' processes=1 threads=4, memory=16.48 GB>",16031,2051968,41,41,1,128,128,0.1,59.869322299957275,0.8592000007629395,0.4133245513916016,0.0
41,0.8400999903678894,<class 'model.Wide_ResNet'>,<class 'torch.nn.modules.loss.CrossEntropyLoss'>,<class 'torch.optim.sgd.SGD'>,,cuda:0,,128,200,1,128,,1024,1,8,,16,4,0.3,10,0.1,0.9,True,0.0005,"<Client: 'inproc://172.31.40.124/4380/1' processes=1 threads=4, memory=16.48 GB>",16422,2102016,42,42,1,128,128,0.1,59.94633173942566,0.8400999903678894,0.4866903991699218,0.0
42,0.8477999567985535,<class 'model.Wide_ResNet'>,<class 'torch.nn.modules.loss.CrossEntropyLoss'>,<class 'torch.optim.sgd.SGD'>,,cuda:0,,128,200,1,128,,1024,1,8,,16,4,0.3,10,0.1,0.9,True,0.0005,"<Client: 'inproc://172.31.40.124/4380/1' processes=1 threads=4, memory=16.48 GB>",16813,2152064,43,43,1,128,128,0.1,59.713550090789795,0.8477999567985535,0.4637526794433594,0.0
43,0.8513999581336975,<class 'model.Wide_ResNet'>,<class 'torch.nn.modules.loss.CrossEntropyLoss'>,<class 'torch.optim.sgd.SGD'>,,cuda:0,,128,200,1,128,,1024,1,8,,16,4,0.3,10,0.1,0.9,True,0.0005,"<Client: 'inproc://172.31.40.124/4380/1' processes=1 threads=4, memory=16.48 GB>",17204,2202112,44,44,1,128,128,0.1,59.92100191116333,0.8513999581336975,0.4570039581298828,0.0
44,0.8600999712944031,<class 'model.Wide_ResNet'>,<class 'torch.nn.modules.loss.CrossEntropyLoss'>,<class 'torch.optim.sgd.SGD'>,,cuda:0,,128,200,1,128,,1024,1,8,,16,4,0.3,10,0.1,0.9,True,0.0005,"<Client: 'inproc://172.31.40.124/4380/1' processes=1 threads=4, memory=16.48 GB>",17595,2252160,45,45,1,128,128,0.1,59.78615713119507,0.8600999712944031,0.4253458923339844,0.0
45,0.8686999678611755,<class 'model.Wide_ResNet'>,<class 'torch.nn.modules.loss.CrossEntropyLoss'>,<class 'torch.optim.sgd.SGD'>,,cuda:0,,128,200,1,128,,1024,1,8,,16,4,0.3,10,0.1,0.9,True,0.0005,"<Client: 'inproc://172.31.40.124/4380/1' processes=1 threads=4, memory=16.48 GB>",17986,2302208,46,46,1,128,128,0.1,59.834810972213745,0.8686999678611755,0.3936080596923828,0.0
46,0.8657000064849854,<class 'model.Wide_ResNet'>,<class 'torch.nn.modules.loss.CrossEntropyLoss'>,<class 'torch.optim.sgd.SGD'>,,cuda:0,,128,200,1,128,,1024,1,8,,16,4,0.3,10,0.1,0.9,True,0.0005,"<Client: 'inproc://172.31.40.124/4380/1' processes=1 threads=4, memory=16.48 GB>",18377,2352256,47,47,1,128,128,0.1,59.92215609550476,0.8657000064849854,0.405783203125,0.0
47,0.8567000031471252,<class 'model.Wide_ResNet'>,<class 'torch.nn.modules.loss.CrossEntropyLoss'>,<class 'torch.optim.sgd.SGD'>,,cuda:0,,128,200,1,128,,1024,1,8,,16,4,0.3,10,0.1,0.9,True,0.0005,"<Client: 'inproc://172.31.40.124/4380/1' processes=1 threads=4, memory=16.48 GB>",18768,2402304,48,48,1,128,128,0.1,59.87858724594116,0.8567000031471252,0.4247258087158203,0.0
48,0.8572999835014343,<class 'model.Wide_ResNet'>,<class 'torch.nn.modules.loss.CrossEntropyLoss'>,<class 'torch.optim.sgd.SGD'>,,cuda:0,,128,200,1,128,,1024,1,8,,16,4,0.3,10,0.1,0.9,True,0.0005,"<Client: 'inproc://172.31.40.124/4380/1' processes=1 threads=4, memory=16.48 GB>",19159,2452352,49,49,1,128,128,0.1,59.821696758270264,0.8572999835014343,0.4438931854248047,0.0
49,0.8628999590873718,<class 'model.Wide_ResNet'>,<class 'torch.nn.modules.loss.CrossEntropyLoss'>,<class 'torch.optim.sgd.SGD'>,,cuda:0,,128,200,1,128,,1024,1,8,,16,4,0.3,10,0.1,0.9,True,0.0005,"<Client: 'inproc://172.31.40.124/4380/1' processes=1 threads=4, memory=16.48 GB>",19550,2502400,50,50,1,128,128,0.1,59.99839401245117,0.8628999590873718,0.42005848083496095,0.0
50,0.8708999752998352,<class 'model.Wide_ResNet'>,<class 'torch.nn.modules.loss.CrossEntropyLoss'>,<class 'torch.optim.sgd.SGD'>,,cuda:0,,128,200,1,128,,1024,1,8,,16,4,0.3,10,0.1,0.9,True,0.0005,"<Client: 'inproc://172.31.40.124/4380/1' processes=1 threads=4, memory=16.48 GB>",19941,2552448,51,51,1,128,128,0.1,60.18747019767761,0.8708999752998352,0.3844198791503906,0.0
51,0.856499969959259,<class 'model.Wide_ResNet'>,<class 'torch.nn.modules.loss.CrossEntropyLoss'>,<class 'torch.optim.sgd.SGD'>,,cuda:0,,128,200,1,128,,1024,1,8,,16,4,0.3,10,0.1,0.9,True,0.0005,"<Client: 'inproc://172.31.40.124/4380/1' processes=1 threads=4, memory=16.48 GB>",20332,2602496,52,52,1,128,128,0.1,59.86513161659241,0.856499969959259,0.4249625915527344,0.0
52,0.8563999533653259,<class 'model.Wide_ResNet'>,<class 'torch.nn.modules.loss.CrossEntropyLoss'>,<class 'torch.optim.sgd.SGD'>,,cuda:0,,128,200,1,128,,1024,1,8,,16,4,0.3,10,0.1,0.9,True,0.0005,"<Client: 'inproc://172.31.40.124/4380/1' processes=1 threads=4, memory=16.48 GB>",20723,2652544,53,53,1,128,128,0.1,59.839622259140015,0.8563999533653259,0.4370728912353515,0.0
53,0.8623999953269958,<class 'model.Wide_ResNet'>,<class 'torch.nn.modules.loss.CrossEntropyLoss'>,<class 'torch.optim.sgd.SGD'>,,cuda:0,,128,200,1,128,,1024,1,8,,16,4,0.3,10,0.1,0.9,True,0.0005,"<Client: 'inproc://172.31.40.124/4380/1' processes=1 threads=4, memory=16.48 GB>",21114,2702592,54,54,1,128,128,0.1,59.860411167144775,0.8623999953269958,0.4174098876953125,0.0
54,0.8682999610900879,<class 'model.Wide_ResNet'>,<class 'torch.nn.modules.loss.CrossEntropyLoss'>,<class 'torch.optim.sgd.SGD'>,,cuda:0,,128,200,1,128,,1024,1,8,,16,4,0.3,10,0.1,0.9,True,0.0005,"<Client: 'inproc://172.31.40.124/4380/1' processes=1 threads=4, memory=16.48 GB>",21505,2752640,55,55,1,128,128,0.1,59.64965748786926,0.8682999610900879,0.3988302093505859,0.0
55,0.8567999601364136,<class 'model.Wide_ResNet'>,<class 'torch.nn.modules.loss.CrossEntropyLoss'>,<class 'torch.optim.sgd.SGD'>,,cuda:0,,128,200,1,128,,1024,1,8,,16,4,0.3,10,0.1,0.9,True,0.0005,"<Client: 'inproc://172.31.40.124/4380/1' processes=1 threads=4, memory=16.48 GB>",21896,2802688,56,56,1,128,128,0.1,59.74210739135742,0.8567999601364136,0.4296006622314453,0.0
56,0.8640999794006348,<class 'model.Wide_ResNet'>,<class 'torch.nn.modules.loss.CrossEntropyLoss'>,<class 'torch.optim.sgd.SGD'>,,cuda:0,,128,200,1,128,,1024,1,8,,16,4,0.3,10,0.1,0.9,True,0.0005,"<Client: 'inproc://172.31.40.124/4380/1' processes=1 threads=4, memory=16.48 GB>",22287,2852736,57,57,1,128,128,0.1,59.78619861602783,0.8640999794006348,0.4241992156982422,0.0
57,0.8637999892234802,<class 'model.Wide_ResNet'>,<class 'torch.nn.modules.loss.CrossEntropyLoss'>,<class 'torch.optim.sgd.SGD'>,,cuda:0,,128,200,1,128,,1024,1,8,,16,4,0.3,10,0.1,0.9,True,0.0005,"<Client: 'inproc://172.31.40.124/4380/1' processes=1 threads=4, memory=16.48 GB>",22678,2902784,58,58,1,128,128,0.1,60.19097924232483,0.8637999892234802,0.41341796875,0.0
58,0.8673999905586243,<class 'model.Wide_ResNet'>,<class 'torch.nn.modules.loss.CrossEntropyLoss'>,<class 'torch.optim.sgd.SGD'>,,cuda:0,,128,200,1,128,,1024,1,8,,16,4,0.3,10,0.1,0.9,True,0.0005,"<Client: 'inproc://172.31.40.124/4380/1' processes=1 threads=4, memory=16.48 GB>",23069,2952832,59,59,1,128,128,0.1,59.89255881309509,0.8673999905586243,0.4034903778076172,0.0
59,0.8592000007629395,<class 'model.Wide_ResNet'>,<class 'torch.nn.modules.loss.CrossEntropyLoss'>,<class 'torch.optim.sgd.SGD'>,,cuda:0,,128,200,1,128,,1024,1,8,,16,4,0.3,10,0.1,0.9,True,0.0005,"<Client: 'inproc://172.31.40.124/4380/1' processes=1 threads=4, memory=16.48 GB>",23460,3002880,60,60,1,128,128,0.1,59.66908669471741,0.8592000007629395,0.4227331085205078,0.0
60,0.8980999588966371,<class 'model.Wide_ResNet'>,<class 'torch.nn.modules.loss.CrossEntropyLoss'>,<class 'torch.optim.sgd.SGD'>,,cuda:0,,128,200,1,128,,1024,1,8,,16,4,0.3,10,0.1,0.9,True,0.0005,"<Client: 'inproc://172.31.40.124/4380/1' processes=1 threads=4, memory=16.48 GB>",23851,3052928,61,61,1,128,128,0.1,59.91500473022461,0.8980999588966371,0.3013389831542969,0.0
61,0.9013999700546264,<class 'model.Wide_ResNet'>,<class 'torch.nn.modules.loss.CrossEntropyLoss'>,<class 'torch.optim.sgd.SGD'>,,cuda:0,,128,200,1,128,,1024,1,8,,16,4,0.3,10,0.1,0.9,True,0.0005,"<Client: 'inproc://172.31.40.124/4380/1' processes=1 threads=4, memory=16.48 GB>",24242,3102976,62,62,1,128,128,0.1,59.97401571273804,0.9013999700546264,0.3070369445800781,0.0
62,0.9048999547958374,<class 'model.Wide_ResNet'>,<class 'torch.nn.modules.loss.CrossEntropyLoss'>,<class 'torch.optim.sgd.SGD'>,,cuda:0,,128,200,1,128,,1024,1,8,,16,4,0.3,10,0.1,0.9,True,0.0005,"<Client: 'inproc://172.31.40.124/4380/1' processes=1 threads=4, memory=16.48 GB>",24633,3153024,63,63,1,128,128,0.1,59.7265784740448,0.9048999547958374,0.2936665283203125,0.0
63,0.9041999578475952,<class 'model.Wide_ResNet'>,<class 'torch.nn.modules.loss.CrossEntropyLoss'>,<class 'torch.optim.sgd.SGD'>,,cuda:0,,128,200,1,128,,1024,1,8,,16,4,0.3,10,0.1,0.9,True,0.0005,"<Client: 'inproc://172.31.40.124/4380/1' processes=1 threads=4, memory=16.48 GB>",25024,3203072,64,64,1,128,128,0.1,59.82679557800293,0.9041999578475952,0.28846354064941404,0.0
64,0.9049999713897704,<class 'model.Wide_ResNet'>,<class 'torch.nn.modules.loss.CrossEntropyLoss'>,<class 'torch.optim.sgd.SGD'>,,cuda:0,,128,200,1,128,,1024,1,8,,16,4,0.3,10,0.1,0.9,True,0.0005,"<Client: 'inproc://172.31.40.124/4380/1' processes=1 threads=4, memory=16.48 GB>",25415,3253120,65,65,1,128,128,0.1,60.17323327064514,0.9049999713897704,0.2985103851318359,0.0
65,0.9027000069618224,<class 'model.Wide_ResNet'>,<class 'torch.nn.modules.loss.CrossEntropyLoss'>,<class 'torch.optim.sgd.SGD'>,,cuda:0,,128,200,1,128,,1024,1,8,,16,4,0.3,10,0.1,0.9,True,0.0005,"<Client: 'inproc://172.31.40.124/4380/1' processes=1 threads=4, memory=16.48 GB>",25806,3303168,66,66,1,128,128,0.1,59.694664001464844,0.9027000069618224,0.3099813507080078,0.0
66,0.9044999480247498,<class 'model.Wide_ResNet'>,<class 'torch.nn.modules.loss.CrossEntropyLoss'>,<class 'torch.optim.sgd.SGD'>,,cuda:0,,128,200,1,128,,1024,1,8,,16,4,0.3,10,0.1,0.9,True,0.0005,"<Client: 'inproc://172.31.40.124/4380/1' processes=1 threads=4, memory=16.48 GB>",26197,3353216,67,67,1,128,128,0.1,59.919411182403564,0.9044999480247498,0.29475314178466805,0.0
67,0.9060999751091005,<class 'model.Wide_ResNet'>,<class 'torch.nn.modules.loss.CrossEntropyLoss'>,<class 'torch.optim.sgd.SGD'>,,cuda:0,,128,200,1,128,,1024,1,8,,16,4,0.3,10,0.1,0.9,True,0.0005,"<Client: 'inproc://172.31.40.124/4380/1' processes=1 threads=4, memory=16.48 GB>",26588,3403264,68,68,1,128,128,0.1,60.159728050231934,0.9060999751091005,0.29270420379638673,0.0
68,0.9048999547958374,<class 'model.Wide_ResNet'>,<class 'torch.nn.modules.loss.CrossEntropyLoss'>,<class 'torch.optim.sgd.SGD'>,,cuda:0,,128,200,1,128,,1024,1,8,,16,4,0.3,10,0.1,0.9,True,0.0005,"<Client: 'inproc://172.31.40.124/4380/1' processes=1 threads=4, memory=16.48 GB>",26979,3453312,69,69,1,128,128,0.1,59.91987991333008,0.9048999547958374,0.2941947509765625,0.0
69,0.9027000069618224,<class 'model.Wide_ResNet'>,<class 'torch.nn.modules.loss.CrossEntropyLoss'>,<class 'torch.optim.sgd.SGD'>,,cuda:0,,128,200,1,128,,1024,1,8,,16,4,0.3,10,0.1,0.9,True,0.0005,"<Client: 'inproc://172.31.40.124/4380/1' processes=1 threads=4, memory=16.48 GB>",27370,3503360,70,70,1,128,128,0.1,60.04910659790039,0.9027000069618224,0.31622402954101564,0.0
70,0.903499960899353,<class 'model.Wide_ResNet'>,<class 'torch.nn.modules.loss.CrossEntropyLoss'>,<class 'torch.optim.sgd.SGD'>,,cuda:0,,128,200,1,128,,1024,1,8,,16,4,0.3,10,0.1,0.9,True,0.0005,"<Client: 'inproc://172.31.40.124/4380/1' processes=1 threads=4, memory=16.48 GB>",27761,3553408,71,71,1,128,128,0.1,60.21684169769287,0.903499960899353,0.2967726547241211,0.0
71,0.905299961566925,<class 'model.Wide_ResNet'>,<class 'torch.nn.modules.loss.CrossEntropyLoss'>,<class 'torch.optim.sgd.SGD'>,,cuda:0,,128,200,1,128,,1024,1,8,,16,4,0.3,10,0.1,0.9,True,0.0005,"<Client: 'inproc://172.31.40.124/4380/1' processes=1 threads=4, memory=16.48 GB>",28152,3603456,72,72,1,128,128,0.1,59.91776728630066,0.905299961566925,0.2976051544189453,0.0
72,0.9044999480247498,<class 'model.Wide_ResNet'>,<class 'torch.nn.modules.loss.CrossEntropyLoss'>,<class 'torch.optim.sgd.SGD'>,,cuda:0,,128,200,1,128,,1024,1,8,,16,4,0.3,10,0.1,0.9,True,0.0005,"<Client: 'inproc://172.31.40.124/4380/1' processes=1 threads=4, memory=16.48 GB>",28543,3653504,73,73,1,128,128,0.1,60.3116021156311,0.9044999480247498,0.3090785461425781,0.0
73,0.8973000049591064,<class 'model.Wide_ResNet'>,<class 'torch.nn.modules.loss.CrossEntropyLoss'>,<class 'torch.optim.sgd.SGD'>,,cuda:0,,128,200,1,128,,1024,1,8,,16,4,0.3,10,0.1,0.9,True,0.0005,"<Client: 'inproc://172.31.40.124/4380/1' processes=1 threads=4, memory=16.48 GB>",28934,3703552,74,74,1,128,128,0.1,59.8078351020813,0.8973000049591064,0.3298809387207031,0.0
74,0.9065999984741212,<class 'model.Wide_ResNet'>,<class 'torch.nn.modules.loss.CrossEntropyLoss'>,<class 'torch.optim.sgd.SGD'>,,cuda:0,,128,200,1,128,,1024,1,8,,16,4,0.3,10,0.1,0.9,True,0.0005,"<Client: 'inproc://172.31.40.124/4380/1' processes=1 threads=4, memory=16.48 GB>",29325,3753600,75,75,1,128,128,0.1,60.10262584686279,0.9065999984741212,0.30507609252929685,0.0
75,0.9038999676704408,<class 'model.Wide_ResNet'>,<class 'torch.nn.modules.loss.CrossEntropyLoss'>,<class 'torch.optim.sgd.SGD'>,,cuda:0,,128,200,1,128,,1024,1,8,,16,4,0.3,10,0.1,0.9,True,0.0005,"<Client: 'inproc://172.31.40.124/4380/1' processes=1 threads=4, memory=16.48 GB>",29716,3803648,76,76,1,128,128,0.1,60.07503604888916,0.9038999676704408,0.31071725158691405,0.0
76,0.9030999541282654,<class 'model.Wide_ResNet'>,<class 'torch.nn.modules.loss.CrossEntropyLoss'>,<class 'torch.optim.sgd.SGD'>,,cuda:0,,128,200,1,128,,1024,1,8,,16,4,0.3,10,0.1,0.9,True,0.0005,"<Client: 'inproc://172.31.40.124/4380/1' processes=1 threads=4, memory=16.48 GB>",30107,3853696,77,77,1,128,128,0.1,59.94818615913391,0.9030999541282654,0.3142138427734375,0.0
77,0.909500002861023,<class 'model.Wide_ResNet'>,<class 'torch.nn.modules.loss.CrossEntropyLoss'>,<class 'torch.optim.sgd.SGD'>,,cuda:0,,128,200,1,128,,1024,1,8,,16,4,0.3,10,0.1,0.9,True,0.0005,"<Client: 'inproc://172.31.40.124/4380/1' processes=1 threads=4, memory=16.48 GB>",30498,3903744,78,78,1,128,128,0.1,59.85241389274597,0.909500002861023,0.2919852279663086,0.0
78,0.9001999497413635,<class 'model.Wide_ResNet'>,<class 'torch.nn.modules.loss.CrossEntropyLoss'>,<class 'torch.optim.sgd.SGD'>,,cuda:0,,128,200,1,128,,1024,1,8,,16,4,0.3,10,0.1,0.9,True,0.0005,"<Client: 'inproc://172.31.40.124/4380/1' processes=1 threads=4, memory=16.48 GB>",30889,3953792,79,79,1,128,128,0.1,60.05935025215149,0.9001999497413635,0.3209594299316406,0.0
79,0.9036999940872192,<class 'model.Wide_ResNet'>,<class 'torch.nn.modules.loss.CrossEntropyLoss'>,<class 'torch.optim.sgd.SGD'>,,cuda:0,,128,200,1,128,,1024,1,8,,16,4,0.3,10,0.1,0.9,True,0.0005,"<Client: 'inproc://172.31.40.124/4380/1' processes=1 threads=4, memory=16.48 GB>",31280,4003840,80,80,1,128,128,0.1,60.39521813392639,0.9036999940872192,0.3165203659057617,0.0
80,0.9001999497413635,<class 'model.Wide_ResNet'>,<class 'torch.nn.modules.loss.CrossEntropyLoss'>,<class 'torch.optim.sgd.SGD'>,,cuda:0,,128,200,1,128,,1024,1,8,,16,4,0.3,10,0.1,0.9,True,0.0005,"<Client: 'inproc://172.31.40.124/4380/1' processes=1 threads=4, memory=16.48 GB>",31671,4053888,81,81,1,128,128,0.1,59.83828139305115,0.9001999497413635,0.3185329864501953,0.0
81,0.9006999731063843,<class 'model.Wide_ResNet'>,<class 'torch.nn.modules.loss.CrossEntropyLoss'>,<class 'torch.optim.sgd.SGD'>,,cuda:0,,128,200,1,128,,1024,1,8,,16,4,0.3,10,0.1,0.9,True,0.0005,"<Client: 'inproc://172.31.40.124/4380/1' processes=1 threads=4, memory=16.48 GB>",32062,4103936,82,82,1,128,128,0.1,59.765708446502686,0.9006999731063843,0.3164343811035156,0.0
82,0.9006999731063843,<class 'model.Wide_ResNet'>,<class 'torch.nn.modules.loss.CrossEntropyLoss'>,<class 'torch.optim.sgd.SGD'>,,cuda:0,,128,200,1,128,,1024,1,8,,16,4,0.3,10,0.1,0.9,True,0.0005,"<Client: 'inproc://172.31.40.124/4380/1' processes=1 threads=4, memory=16.48 GB>",32453,4153984,83,83,1,128,128,0.1,60.308969020843506,0.9006999731063843,0.3226202392578125,0.0
83,0.8956999778747559,<class 'model.Wide_ResNet'>,<class 'torch.nn.modules.loss.CrossEntropyLoss'>,<class 'torch.optim.sgd.SGD'>,,cuda:0,,128,200,1,128,,1024,1,8,,16,4,0.3,10,0.1,0.9,True,0.0005,"<Client: 'inproc://172.31.40.124/4380/1' processes=1 threads=4, memory=16.48 GB>",32844,4204032,84,84,1,128,128,0.1,59.72430419921875,0.8956999778747559,0.3357035339355469,0.0
84,0.9007999897003174,<class 'model.Wide_ResNet'>,<class 'torch.nn.modules.loss.CrossEntropyLoss'>,<class 'torch.optim.sgd.SGD'>,,cuda:0,,128,200,1,128,,1024,1,8,,16,4,0.3,10,0.1,0.9,True,0.0005,"<Client: 'inproc://172.31.40.124/4380/1' processes=1 threads=4, memory=16.48 GB>",33235,4254080,85,85,1,128,128,0.1,60.29096436500549,0.9007999897003174,0.3247229431152344,0.0
85,0.8973999619483948,<class 'model.Wide_ResNet'>,<class 'torch.nn.modules.loss.CrossEntropyLoss'>,<class 'torch.optim.sgd.SGD'>,,cuda:0,,128,200,1,128,,1024,1,8,,16,4,0.3,10,0.1,0.9,True,0.0005,"<Client: 'inproc://172.31.40.124/4380/1' processes=1 threads=4, memory=16.48 GB>",33626,4304128,86,86,1,128,128,0.1,60.58808779716492,0.8973999619483948,0.33406299743652346,0.0
86,0.8991999626159668,<class 'model.Wide_ResNet'>,<class 'torch.nn.modules.loss.CrossEntropyLoss'>,<class 'torch.optim.sgd.SGD'>,,cuda:0,,128,200,1,128,,1024,1,8,,16,4,0.3,10,0.1,0.9,True,0.0005,"<Client: 'inproc://172.31.40.124/4380/1' processes=1 threads=4, memory=16.48 GB>",34017,4354176,87,87,1,128,128,0.1,60.15971112251282,0.8991999626159668,0.32503998107910154,0.0
87,0.9009000062942504,<class 'model.Wide_ResNet'>,<class 'torch.nn.modules.loss.CrossEntropyLoss'>,<class 'torch.optim.sgd.SGD'>,,cuda:0,,128,200,1,128,,1024,1,8,,16,4,0.3,10,0.1,0.9,True,0.0005,"<Client: 'inproc://172.31.40.124/4380/1' processes=1 threads=4, memory=16.48 GB>",34408,4404224,88,88,1,128,128,0.1,60.82473969459534,0.9009000062942504,0.32181524963378905,0.0
88,0.9065999984741212,<class 'model.Wide_ResNet'>,<class 'torch.nn.modules.loss.CrossEntropyLoss'>,<class 'torch.optim.sgd.SGD'>,,cuda:0,,128,200,1,128,,1024,1,8,,16,4,0.3,10,0.1,0.9,True,0.0005,"<Client: 'inproc://172.31.40.124/4380/1' processes=1 threads=4, memory=16.48 GB>",34799,4454272,89,89,1,128,128,0.1,61.13067626953125,0.9065999984741212,0.3108227325439453,0.0
89,0.9038999676704408,<class 'model.Wide_ResNet'>,<class 'torch.nn.modules.loss.CrossEntropyLoss'>,<class 'torch.optim.sgd.SGD'>,,cuda:0,,128,200,1,128,,1024,1,8,,16,4,0.3,10,0.1,0.9,True,0.0005,"<Client: 'inproc://172.31.40.124/4380/1' processes=1 threads=4, memory=16.48 GB>",35190,4504320,90,90,1,128,128,0.1,60.755147218704224,0.9038999676704408,0.307206298828125,0.0
90,0.9053999781608582,<class 'model.Wide_ResNet'>,<class 'torch.nn.modules.loss.CrossEntropyLoss'>,<class 'torch.optim.sgd.SGD'>,,cuda:0,,128,200,1,128,,1024,1,8,,16,4,0.3,10,0.1,0.9,True,0.0005,"<Client: 'inproc://172.31.40.124/4380/1' processes=1 threads=4, memory=16.48 GB>",35581,4554368,91,91,1,128,128,0.1,60.19942092895508,0.9053999781608582,0.3140271377563477,0.0
91,0.9039999842643738,<class 'model.Wide_ResNet'>,<class 'torch.nn.modules.loss.CrossEntropyLoss'>,<class 'torch.optim.sgd.SGD'>,,cuda:0,,128,200,1,128,,1024,1,8,,16,4,0.3,10,0.1,0.9,True,0.0005,"<Client: 'inproc://172.31.40.124/4380/1' processes=1 threads=4, memory=16.48 GB>",35972,4604416,92,92,1,128,128,0.1,59.78150391578674,0.9039999842643738,0.30890132904052736,0.0
92,0.8947999477386475,<class 'model.Wide_ResNet'>,<class 'torch.nn.modules.loss.CrossEntropyLoss'>,<class 'torch.optim.sgd.SGD'>,,cuda:0,,128,200,1,128,,1024,1,8,,16,4,0.3,10,0.1,0.9,True,0.0005,"<Client: 'inproc://172.31.40.124/4380/1' processes=1 threads=4, memory=16.48 GB>",36363,4654464,93,93,1,128,128,0.1,60.08025360107422,0.8947999477386475,0.33811292724609376,0.0
93,0.8987999558448792,<class 'model.Wide_ResNet'>,<class 'torch.nn.modules.loss.CrossEntropyLoss'>,<class 'torch.optim.sgd.SGD'>,,cuda:0,,128,200,1,128,,1024,1,8,,16,4,0.3,10,0.1,0.9,True,0.0005,"<Client: 'inproc://172.31.40.124/4380/1' processes=1 threads=4, memory=16.48 GB>",36754,4704512,94,94,1,128,128,0.1,60.02657508850098,0.8987999558448792,0.3215329467773437,0.0
94,0.8941999673843384,<class 'model.Wide_ResNet'>,<class 'torch.nn.modules.loss.CrossEntropyLoss'>,<class 'torch.optim.sgd.SGD'>,,cuda:0,,128,200,1,128,,1024,1,8,,16,4,0.3,10,0.1,0.9,True,0.0005,"<Client: 'inproc://172.31.40.124/4380/1' processes=1 threads=4, memory=16.48 GB>",37145,4754560,95,95,1,128,128,0.1,60.15524768829346,0.8941999673843384,0.3457018676757813,0.0
95,0.8969999551773071,<class 'model.Wide_ResNet'>,<class 'torch.nn.modules.loss.CrossEntropyLoss'>,<class 'torch.optim.sgd.SGD'>,,cuda:0,,128,200,1,128,,1024,1,8,,16,4,0.3,10,0.1,0.9,True,0.0005,"<Client: 'inproc://172.31.40.124/4380/1' processes=1 threads=4, memory=16.48 GB>",37536,4804608,96,96,1,128,128,0.1,59.784916400909424,0.8969999551773071,0.3386918182373047,0.0
96,0.8959999680519104,<class 'model.Wide_ResNet'>,<class 'torch.nn.modules.loss.CrossEntropyLoss'>,<class 'torch.optim.sgd.SGD'>,,cuda:0,,128,200,1,128,,1024,1,8,,16,4,0.3,10,0.1,0.9,True,0.0005,"<Client: 'inproc://172.31.40.124/4380/1' processes=1 threads=4, memory=16.48 GB>",37927,4854656,97,97,1,128,128,0.1,59.881325483322144,0.8959999680519104,0.34320875549316404,0.0
97,0.9019999504089355,<class 'model.Wide_ResNet'>,<class 'torch.nn.modules.loss.CrossEntropyLoss'>,<class 'torch.optim.sgd.SGD'>,,cuda:0,,128,200,1,128,,1024,1,8,,16,4,0.3,10,0.1,0.9,True,0.0005,"<Client: 'inproc://172.31.40.124/4380/1' processes=1 threads=4, memory=16.48 GB>",38318,4904704,98,98,1,128,128,0.1,59.88349270820618,0.9019999504089355,0.31950750732421873,0.0
98,0.9075999855995178,<class 'model.Wide_ResNet'>,<class 'torch.nn.modules.loss.CrossEntropyLoss'>,<class 'torch.optim.sgd.SGD'>,,cuda:0,,128,200,1,128,,1024,1,8,,16,4,0.3,10,0.1,0.9,True,0.0005,"<Client: 'inproc://172.31.40.124/4380/1' processes=1 threads=4, memory=16.48 GB>",38709,4954752,99,99,1,128,128,0.1,59.71423387527466,0.9075999855995178,0.30095194091796873,0.0
99,0.8947999477386475,<class 'model.Wide_ResNet'>,<class 'torch.nn.modules.loss.CrossEntropyLoss'>,<class 'torch.optim.sgd.SGD'>,,cuda:0,,128,200,1,128,,1024,1,8,,16,4,0.3,10,0.1,0.9,True,0.0005,"<Client: 'inproc://172.31.40.124/4380/1' processes=1 threads=4, memory=16.48 GB>",39100,5004800,100,100,1,128,128,0.1,59.816386699676514,0.8947999477386475,0.3372991638183594,0.0
100,0.899399995803833,<class 'model.Wide_ResNet'>,<class 'torch.nn.modules.loss.CrossEntropyLoss'>,<class 'torch.optim.sgd.SGD'>,,cuda:0,,128,200,1,128,,1024,1,8,,16,4,0.3,10,0.1,0.9,True,0.0005,"<Client: 'inproc://172.31.40.124/4380/1' processes=1 threads=4, memory=16.48 GB>",39491,5054848,101,101,1,128,128,0.1,60.12919521331787,0.899399995803833,0.32157764587402343,0.0
101,0.8998999595642091,<class 'model.Wide_ResNet'>,<class 'torch.nn.modules.loss.CrossEntropyLoss'>,<class 'torch.optim.sgd.SGD'>,,cuda:0,,128,200,1,128,,1024,1,8,,16,4,0.3,10,0.1,0.9,True,0.0005,"<Client: 'inproc://172.31.40.124/4380/1' processes=1 threads=4, memory=16.48 GB>",39882,5104896,102,102,1,128,128,0.1,59.46262001991272,0.8998999595642091,0.3227745910644531,0.0
102,0.9054999947547911,<class 'model.Wide_ResNet'>,<class 'torch.nn.modules.loss.CrossEntropyLoss'>,<class 'torch.optim.sgd.SGD'>,,cuda:0,,128,200,1,128,,1024,1,8,,16,4,0.3,10,0.1,0.9,True,0.0005,"<Client: 'inproc://172.31.40.124/4380/1' processes=1 threads=4, memory=16.48 GB>",40273,5154944,103,103,1,128,128,0.1,60.507418394088745,0.9054999947547911,0.3058001815795898,0.0
103,0.892799973487854,<class 'model.Wide_ResNet'>,<class 'torch.nn.modules.loss.CrossEntropyLoss'>,<class 'torch.optim.sgd.SGD'>,,cuda:0,,128,200,1,128,,1024,1,8,,16,4,0.3,10,0.1,0.9,True,0.0005,"<Client: 'inproc://172.31.40.124/4380/1' processes=1 threads=4, memory=16.48 GB>",40664,5204992,104,104,1,128,128,0.1,59.77315616607666,0.892799973487854,0.3479200012207031,0.0
104,0.9024999737739564,<class 'model.Wide_ResNet'>,<class 'torch.nn.modules.loss.CrossEntropyLoss'>,<class 'torch.optim.sgd.SGD'>,,cuda:0,,128,200,1,128,,1024,1,8,,16,4,0.3,10,0.1,0.9,True,0.0005,"<Client: 'inproc://172.31.40.124/4380/1' processes=1 threads=4, memory=16.48 GB>",41055,5255040,105,105,1,128,128,0.1,59.470614433288574,0.9024999737739564,0.3222691131591797,0.0
105,0.9000999927520752,<class 'model.Wide_ResNet'>,<class 'torch.nn.modules.loss.CrossEntropyLoss'>,<class 'torch.optim.sgd.SGD'>,,cuda:0,,128,200,1,128,,1024,1,8,,16,4,0.3,10,0.1,0.9,True,0.0005,"<Client: 'inproc://172.31.40.124/4380/1' processes=1 threads=4, memory=16.48 GB>",41446,5305088,106,106,1,128,128,0.1,59.76579213142395,0.9000999927520752,0.3210145202636719,0.0
106,0.8921999931335449,<class 'model.Wide_ResNet'>,<class 'torch.nn.modules.loss.CrossEntropyLoss'>,<class 'torch.optim.sgd.SGD'>,,cuda:0,,128,200,1,128,,1024,1,8,,16,4,0.3,10,0.1,0.9,True,0.0005,"<Client: 'inproc://172.31.40.124/4380/1' processes=1 threads=4, memory=16.48 GB>",41837,5355136,107,107,1,128,128,0.1,60.04512333869934,0.8921999931335449,0.34097903747558594,0.0
107,0.8987999558448792,<class 'model.Wide_ResNet'>,<class 'torch.nn.modules.loss.CrossEntropyLoss'>,<class 'torch.optim.sgd.SGD'>,,cuda:0,,128,200,1,128,,1024,1,8,,16,4,0.3,10,0.1,0.9,True,0.0005,"<Client: 'inproc://172.31.40.124/4380/1' processes=1 threads=4, memory=16.48 GB>",42228,5405184,108,108,1,128,128,0.1,59.37634563446045,0.8987999558448792,0.32118985900878905,0.0
108,0.8947999477386475,<class 'model.Wide_ResNet'>,<class 'torch.nn.modules.loss.CrossEntropyLoss'>,<class 'torch.optim.sgd.SGD'>,,cuda:0,,128,200,1,128,,1024,1,8,,16,4,0.3,10,0.1,0.9,True,0.0005,"<Client: 'inproc://172.31.40.124/4380/1' processes=1 threads=4, memory=16.48 GB>",42619,5455232,109,109,1,128,128,0.1,60.09128737449646,0.8947999477386475,0.34585653991699217,0.0
109,0.8922999501228333,<class 'model.Wide_ResNet'>,<class 'torch.nn.modules.loss.CrossEntropyLoss'>,<class 'torch.optim.sgd.SGD'>,,cuda:0,,128,200,1,128,,1024,1,8,,16,4,0.3,10,0.1,0.9,True,0.0005,"<Client: 'inproc://172.31.40.124/4380/1' processes=1 threads=4, memory=16.48 GB>",43010,5505280,110,110,1,128,128,0.1,60.105592250823975,0.8922999501228333,0.3517807556152344,0.0
110,0.8912000060081482,<class 'model.Wide_ResNet'>,<class 'torch.nn.modules.loss.CrossEntropyLoss'>,<class 'torch.optim.sgd.SGD'>,,cuda:0,,128,200,1,128,,1024,1,8,,16,4,0.3,10,0.1,0.9,True,0.0005,"<Client: 'inproc://172.31.40.124/4380/1' processes=1 threads=4, memory=16.48 GB>",43401,5555328,111,111,1,128,128,0.1,60.286144971847534,0.8912000060081482,0.3419837554931641,0.0
111,0.8942999839782715,<class 'model.Wide_ResNet'>,<class 'torch.nn.modules.loss.CrossEntropyLoss'>,<class 'torch.optim.sgd.SGD'>,,cuda:0,,128,200,1,128,,1024,1,8,,16,4,0.3,10,0.1,0.9,True,0.0005,"<Client: 'inproc://172.31.40.124/4380/1' processes=1 threads=4, memory=16.48 GB>",43792,5605376,112,112,1,128,128,0.1,60.044169664382935,0.8942999839782715,0.3399735565185547,0.0
112,0.8957999944686891,<class 'model.Wide_ResNet'>,<class 'torch.nn.modules.loss.CrossEntropyLoss'>,<class 'torch.optim.sgd.SGD'>,,cuda:0,,128,200,1,128,,1024,1,8,,16,4,0.3,10,0.1,0.9,True,0.0005,"<Client: 'inproc://172.31.40.124/4380/1' processes=1 threads=4, memory=16.48 GB>",44183,5655424,113,113,1,128,128,0.1,59.625914335250854,0.8957999944686891,0.34611483154296874,0.0
113,0.8966999650001526,<class 'model.Wide_ResNet'>,<class 'torch.nn.modules.loss.CrossEntropyLoss'>,<class 'torch.optim.sgd.SGD'>,,cuda:0,,128,200,1,128,,1024,1,8,,16,4,0.3,10,0.1,0.9,True,0.0005,"<Client: 'inproc://172.31.40.124/4380/1' processes=1 threads=4, memory=16.48 GB>",44574,5705472,114,114,1,128,128,0.1,59.967076539993286,0.8966999650001526,0.33230859680175784,0.0
114,0.8932999968528748,<class 'model.Wide_ResNet'>,<class 'torch.nn.modules.loss.CrossEntropyLoss'>,<class 'torch.optim.sgd.SGD'>,,cuda:0,,128,200,1,128,,1024,1,8,,16,4,0.3,10,0.1,0.9,True,0.0005,"<Client: 'inproc://172.31.40.124/4380/1' processes=1 threads=4, memory=16.48 GB>",44965,5755520,115,115,1,128,128,0.1,59.93476724624634,0.8932999968528748,0.34052498474121096,0.0
115,0.8867999911308289,<class 'model.Wide_ResNet'>,<class 'torch.nn.modules.loss.CrossEntropyLoss'>,<class 'torch.optim.sgd.SGD'>,,cuda:0,,128,200,1,128,,1024,1,8,,16,4,0.3,10,0.1,0.9,True,0.0005,"<Client: 'inproc://172.31.40.124/4380/1' processes=1 threads=4, memory=16.48 GB>",45356,5805568,116,116,1,128,128,0.1,59.642571210861206,0.8867999911308289,0.35610928955078125,0.0
116,0.8963999748229979,<class 'model.Wide_ResNet'>,<class 'torch.nn.modules.loss.CrossEntropyLoss'>,<class 'torch.optim.sgd.SGD'>,,cuda:0,,128,200,1,128,,1024,1,8,,16,4,0.3,10,0.1,0.9,True,0.0005,"<Client: 'inproc://172.31.40.124/4380/1' processes=1 threads=4, memory=16.48 GB>",45747,5855616,117,117,1,128,128,0.1,59.996628522872925,0.8963999748229979,0.34294378967285155,0.0
117,0.8915999531745911,<class 'model.Wide_ResNet'>,<class 'torch.nn.modules.loss.CrossEntropyLoss'>,<class 'torch.optim.sgd.SGD'>,,cuda:0,,128,200,1,128,,1024,1,8,,16,4,0.3,10,0.1,0.9,True,0.0005,"<Client: 'inproc://172.31.40.124/4380/1' processes=1 threads=4, memory=16.48 GB>",46138,5905664,118,118,1,128,128,0.1,60.44176983833313,0.8915999531745911,0.34822159118652346,0.0
118,0.897599995136261,<class 'model.Wide_ResNet'>,<class 'torch.nn.modules.loss.CrossEntropyLoss'>,<class 'torch.optim.sgd.SGD'>,,cuda:0,,128,200,1,128,,1024,1,8,,16,4,0.3,10,0.1,0.9,True,0.0005,"<Client: 'inproc://172.31.40.124/4380/1' processes=1 threads=4, memory=16.48 GB>",46529,5955712,119,119,1,128,128,0.1,59.951565980911255,0.897599995136261,0.3263261627197266,0.0
119,0.8998999595642091,<class 'model.Wide_ResNet'>,<class 'torch.nn.modules.loss.CrossEntropyLoss'>,<class 'torch.optim.sgd.SGD'>,,cuda:0,,128,200,1,128,,1024,1,8,,16,4,0.3,10,0.1,0.9,True,0.0005,"<Client: 'inproc://172.31.40.124/4380/1' processes=1 threads=4, memory=16.48 GB>",46920,6005760,120,120,1,128,128,0.1,59.605668783187866,0.8998999595642091,0.3251548797607422,0.0
120,0.9039999842643738,<class 'model.Wide_ResNet'>,<class 'torch.nn.modules.loss.CrossEntropyLoss'>,<class 'torch.optim.sgd.SGD'>,,cuda:0,,128,200,1,128,,1024,1,8,,16,4,0.3,10,0.1,0.9,True,0.0005,"<Client: 'inproc://172.31.40.124/4380/1' processes=1 threads=4, memory=16.48 GB>",47311,6055808,121,121,1,128,128,0.1,59.786200761795044,0.9039999842643738,0.3088501510620117,0.0
121,0.912999987602234,<class 'model.Wide_ResNet'>,<class 'torch.nn.modules.loss.CrossEntropyLoss'>,<class 'torch.optim.sgd.SGD'>,,cuda:0,,128,200,1,128,,1024,1,8,,16,4,0.3,10,0.1,0.9,True,0.0005,"<Client: 'inproc://172.31.40.124/4380/1' processes=1 threads=4, memory=16.48 GB>",47702,6105856,122,122,1,128,128,0.1,59.97269344329834,0.912999987602234,0.2822211975097656,0.0
122,0.9108999967575072,<class 'model.Wide_ResNet'>,<class 'torch.nn.modules.loss.CrossEntropyLoss'>,<class 'torch.optim.sgd.SGD'>,,cuda:0,,128,200,1,128,,1024,1,8,,16,4,0.3,10,0.1,0.9,True,0.0005,"<Client: 'inproc://172.31.40.124/4380/1' processes=1 threads=4, memory=16.48 GB>",48093,6155904,123,123,1,128,128,0.1,60.30074381828308,0.9108999967575072,0.2866396057128906,0.0
123,0.9169999957084656,<class 'model.Wide_ResNet'>,<class 'torch.nn.modules.loss.CrossEntropyLoss'>,<class 'torch.optim.sgd.SGD'>,,cuda:0,,128,200,1,128,,1024,1,8,,16,4,0.3,10,0.1,0.9,True,0.0005,"<Client: 'inproc://172.31.40.124/4380/1' processes=1 threads=4, memory=16.48 GB>",48484,6205952,124,124,1,128,128,0.1,60.150718688964844,0.9169999957084656,0.2767326232910156,0.0
124,0.9161999821662904,<class 'model.Wide_ResNet'>,<class 'torch.nn.modules.loss.CrossEntropyLoss'>,<class 'torch.optim.sgd.SGD'>,,cuda:0,,128,200,1,128,,1024,1,8,,16,4,0.3,10,0.1,0.9,True,0.0005,"<Client: 'inproc://172.31.40.124/4380/1' processes=1 threads=4, memory=16.48 GB>",48875,6256000,125,125,1,128,128,0.1,59.99068784713745,0.9161999821662904,0.2708852264404297,0.0
125,0.9185000061988832,<class 'model.Wide_ResNet'>,<class 'torch.nn.modules.loss.CrossEntropyLoss'>,<class 'torch.optim.sgd.SGD'>,,cuda:0,,128,200,1,128,,1024,1,8,,16,4,0.3,10,0.1,0.9,True,0.0005,"<Client: 'inproc://172.31.40.124/4380/1' processes=1 threads=4, memory=16.48 GB>",49266,6306048,126,126,1,128,128,0.1,60.17366099357605,0.9185000061988832,0.27109624176025393,0.0
126,0.9169999957084656,<class 'model.Wide_ResNet'>,<class 'torch.nn.modules.loss.CrossEntropyLoss'>,<class 'torch.optim.sgd.SGD'>,,cuda:0,,128,200,1,128,,1024,1,8,,16,4,0.3,10,0.1,0.9,True,0.0005,"<Client: 'inproc://172.31.40.124/4380/1' processes=1 threads=4, memory=16.48 GB>",49657,6356096,127,127,1,128,128,0.1,59.624651193618774,0.9169999957084656,0.27392383422851563,0.0
127,0.9161999821662904,<class 'model.Wide_ResNet'>,<class 'torch.nn.modules.loss.CrossEntropyLoss'>,<class 'torch.optim.sgd.SGD'>,,cuda:0,,128,200,1,128,,1024,1,8,,16,4,0.3,10,0.1,0.9,True,0.0005,"<Client: 'inproc://172.31.40.124/4380/1' processes=1 threads=4, memory=16.48 GB>",50048,6406144,128,128,1,128,128,0.1,60.42665982246399,0.9161999821662904,0.2760289199829102,0.0
128,0.9215999841690063,<class 'model.Wide_ResNet'>,<class 'torch.nn.modules.loss.CrossEntropyLoss'>,<class 'torch.optim.sgd.SGD'>,,cuda:0,,128,200,1,128,,1024,1,8,,16,4,0.3,10,0.1,0.9,True,0.0005,"<Client: 'inproc://172.31.40.124/4380/1' processes=1 threads=4, memory=16.48 GB>",50439,6456192,129,129,1,128,128,0.1,59.88751029968262,0.9215999841690063,0.2631171188354492,0.0
129,0.9182999730110168,<class 'model.Wide_ResNet'>,<class 'torch.nn.modules.loss.CrossEntropyLoss'>,<class 'torch.optim.sgd.SGD'>,,cuda:0,,128,200,1,128,,1024,1,8,,16,4,0.3,10,0.1,0.9,True,0.0005,"<Client: 'inproc://172.31.40.124/4380/1' processes=1 threads=4, memory=16.48 GB>",50830,6506240,130,130,1,128,128,0.1,59.79973387718201,0.9182999730110168,0.26760006713867185,0.0
130,0.9174999594688416,<class 'model.Wide_ResNet'>,<class 'torch.nn.modules.loss.CrossEntropyLoss'>,<class 'torch.optim.sgd.SGD'>,,cuda:0,,128,200,1,128,,1024,1,8,,16,4,0.3,10,0.1,0.9,True,0.0005,"<Client: 'inproc://172.31.40.124/4380/1' processes=1 threads=4, memory=16.48 GB>",51221,6556288,131,131,1,128,128,0.1,59.84713363647461,0.9174999594688416,0.2773790542602539,0.0
131,0.917799949645996,<class 'model.Wide_ResNet'>,<class 'torch.nn.modules.loss.CrossEntropyLoss'>,<class 'torch.optim.sgd.SGD'>,,cuda:0,,128,200,1,128,,1024,1,8,,16,4,0.3,10,0.1,0.9,True,0.0005,"<Client: 'inproc://172.31.40.124/4380/1' processes=1 threads=4, memory=16.48 GB>",51612,6606336,132,132,1,128,128,0.1,60.13092637062073,0.917799949645996,0.2754716033935547,0.0
132,0.9203999638557434,<class 'model.Wide_ResNet'>,<class 'torch.nn.modules.loss.CrossEntropyLoss'>,<class 'torch.optim.sgd.SGD'>,,cuda:0,,128,200,1,128,,1024,1,8,,16,4,0.3,10,0.1,0.9,True,0.0005,"<Client: 'inproc://172.31.40.124/4380/1' processes=1 threads=4, memory=16.48 GB>",52003,6656384,133,133,1,128,128,0.1,60.30652379989624,0.9203999638557434,0.2698243118286133,0.0
133,0.9163999557495116,<class 'model.Wide_ResNet'>,<class 'torch.nn.modules.loss.CrossEntropyLoss'>,<class 'torch.optim.sgd.SGD'>,,cuda:0,,128,200,1,128,,1024,1,8,,16,4,0.3,10,0.1,0.9,True,0.0005,"<Client: 'inproc://172.31.40.124/4380/1' processes=1 threads=4, memory=16.48 GB>",52394,6706432,134,134,1,128,128,0.1,59.82378125190735,0.9163999557495116,0.271184814453125,0.0
134,0.9161999821662904,<class 'model.Wide_ResNet'>,<class 'torch.nn.modules.loss.CrossEntropyLoss'>,<class 'torch.optim.sgd.SGD'>,,cuda:0,,128,200,1,128,,1024,1,8,,16,4,0.3,10,0.1,0.9,True,0.0005,"<Client: 'inproc://172.31.40.124/4380/1' processes=1 threads=4, memory=16.48 GB>",52785,6756480,135,135,1,128,128,0.1,59.823116064071655,0.9161999821662904,0.2758699020385742,0.0
135,0.9174000024795532,<class 'model.Wide_ResNet'>,<class 'torch.nn.modules.loss.CrossEntropyLoss'>,<class 'torch.optim.sgd.SGD'>,,cuda:0,,128,200,1,128,,1024,1,8,,16,4,0.3,10,0.1,0.9,True,0.0005,"<Client: 'inproc://172.31.40.124/4380/1' processes=1 threads=4, memory=16.48 GB>",53176,6806528,136,136,1,128,128,0.1,59.65123510360718,0.9174000024795532,0.279488688659668,0.0
136,0.9176999926567078,<class 'model.Wide_ResNet'>,<class 'torch.nn.modules.loss.CrossEntropyLoss'>,<class 'torch.optim.sgd.SGD'>,,cuda:0,,128,200,1,128,,1024,1,8,,16,4,0.3,10,0.1,0.9,True,0.0005,"<Client: 'inproc://172.31.40.124/4380/1' processes=1 threads=4, memory=16.48 GB>",53567,6856576,137,137,1,128,128,0.1,59.84168219566345,0.9176999926567078,0.2787536087036133,0.0
137,0.9187999963760376,<class 'model.Wide_ResNet'>,<class 'torch.nn.modules.loss.CrossEntropyLoss'>,<class 'torch.optim.sgd.SGD'>,,cuda:0,,128,200,1,128,,1024,1,8,,16,4,0.3,10,0.1,0.9,True,0.0005,"<Client: 'inproc://172.31.40.124/4380/1' processes=1 threads=4, memory=16.48 GB>",53958,6906624,138,138,1,128,128,0.1,60.15692210197449,0.9187999963760376,0.2830018249511719,0.0
138,0.91729998588562,<class 'model.Wide_ResNet'>,<class 'torch.nn.modules.loss.CrossEntropyLoss'>,<class 'torch.optim.sgd.SGD'>,,cuda:0,,128,200,1,128,,1024,1,8,,16,4,0.3,10,0.1,0.9,True,0.0005,"<Client: 'inproc://172.31.40.124/4380/1' processes=1 threads=4, memory=16.48 GB>",54349,6956672,139,139,1,128,128,0.1,59.893819093704224,0.91729998588562,0.27872573547363283,0.0
139,0.9196999669075012,<class 'model.Wide_ResNet'>,<class 'torch.nn.modules.loss.CrossEntropyLoss'>,<class 'torch.optim.sgd.SGD'>,,cuda:0,,128,200,1,128,,1024,1,8,,16,4,0.3,10,0.1,0.9,True,0.0005,"<Client: 'inproc://172.31.40.124/4380/1' processes=1 threads=4, memory=16.48 GB>",54740,7006720,140,140,1,128,128,0.1,60.565202951431274,0.9196999669075012,0.2791342346191406,0.0
140,0.9167000055313109,<class 'model.Wide_ResNet'>,<class 'torch.nn.modules.loss.CrossEntropyLoss'>,<class 'torch.optim.sgd.SGD'>,,cuda:0,,128,200,1,128,,1024,1,8,,16,4,0.3,10,0.1,0.9,True,0.0005,"<Client: 'inproc://172.31.40.124/4380/1' processes=1 threads=4, memory=16.48 GB>",55131,7056768,141,141,1,128,128,0.1,60.11126399040222,0.9167000055313109,0.2746691802978516,0.0
