epoch,score,module,loss,optimizer,metrics,device,cluster,grads_per_worker,max_epochs,batch_size,max_batch_size,min_workers,max_workers,random_state,module__depth,module__widen_factor,module__dropout_rate,module__num_classes,optimizer__lr,optimizer__momentum,optimizer__nesterov,optimizer__weight_decay,client,n_updates,n_data,n_weight_changes,score__calls,partial_fit__calls,n_workers,score__acc,score__loss,score__time,partial_fit__time,partial_fit__batch_size,partial_fit__lr,weight_aggregate
0,0.5752999782562256,<class 'model.Wide_ResNet'>,<class 'torch.nn.modules.loss.CrossEntropyLoss'>,<class 'torch.optim.sgd.SGD'>,,cuda:0,,128,200,128,1024,1,8,,16,4,0.3,10,0.02,0.9,True,0.0005,"<Client: 'inproc://172.31.40.124/3285/1' processes=1 threads=4, memory=16.48 GB>",391,50048,391,2,1,1,0.5752999782562256,1.2057395141601563,5.105956554412842,76.67232775688171,128,0.02,2512.281949051656
1,0.6473000049591064,<class 'model.Wide_ResNet'>,<class 'torch.nn.modules.loss.CrossEntropyLoss'>,<class 'torch.optim.sgd.SGD'>,,cuda:0,,128,200,128,1024,1,8,,16,4,0.3,10,0.02,0.9,True,0.0005,"<Client: 'inproc://172.31.40.124/3285/1' processes=1 threads=4, memory=16.48 GB>",782,100096,782,3,2,1,0.6473000049591064,1.0117916381835939,5.226476192474365,76.83770656585693,128,0.02,2718.459013942629
2,0.7206999659538269,<class 'model.Wide_ResNet'>,<class 'torch.nn.modules.loss.CrossEntropyLoss'>,<class 'torch.optim.sgd.SGD'>,,cuda:0,,128,200,128,1024,1,8,,16,4,0.3,10,0.02,0.9,True,0.0005,"<Client: 'inproc://172.31.40.124/3285/1' processes=1 threads=4, memory=16.48 GB>",1173,150144,1173,4,3,1,0.7206999659538269,0.7900929443359375,5.1487016677856445,77.3033857345581,128,0.02,2955.8949803765863
3,0.7586999535560608,<class 'model.Wide_ResNet'>,<class 'torch.nn.modules.loss.CrossEntropyLoss'>,<class 'torch.optim.sgd.SGD'>,,cuda:0,,128,200,128,1024,1,8,,16,4,0.3,10,0.02,0.9,True,0.0005,"<Client: 'inproc://172.31.40.124/3285/1' processes=1 threads=4, memory=16.48 GB>",1564,200192,1564,5,4,1,0.7586999535560608,0.6952701049804687,5.10534405708313,76.82340955734253,128,0.02,3116.5172399226576
4,0.7760999798774719,<class 'model.Wide_ResNet'>,<class 'torch.nn.modules.loss.CrossEntropyLoss'>,<class 'torch.optim.sgd.SGD'>,,cuda:0,,128,200,128,1024,1,8,,16,4,0.3,10,0.02,0.9,True,0.0005,"<Client: 'inproc://172.31.40.124/3285/1' processes=1 threads=4, memory=16.48 GB>",1955,250240,1955,6,5,1,0.7760999798774719,0.6429243408203125,5.079434394836426,76.6772313117981,128,0.02,3251.6262307167053
5,0.7845999598503113,<class 'model.Wide_ResNet'>,<class 'torch.nn.modules.loss.CrossEntropyLoss'>,<class 'torch.optim.sgd.SGD'>,,cuda:0,,128,200,128,1024,1,8,,16,4,0.3,10,0.02,0.9,True,0.0005,"<Client: 'inproc://172.31.40.124/3285/1' processes=1 threads=4, memory=16.48 GB>",2346,300288,2346,7,6,1,0.7845999598503113,0.6352188903808593,5.153941869735718,77.08103442192078,128,0.02,3335.9841319061816
6,0.8041999936103821,<class 'model.Wide_ResNet'>,<class 'torch.nn.modules.loss.CrossEntropyLoss'>,<class 'torch.optim.sgd.SGD'>,,cuda:0,,128,200,128,1024,1,8,,16,4,0.3,10,0.02,0.9,True,0.0005,"<Client: 'inproc://172.31.40.124/3285/1' processes=1 threads=4, memory=16.48 GB>",2737,350336,2737,8,7,1,0.8041999936103821,0.5730257995605469,5.0941150188446045,77.51151394844055,128,0.02,3390.8038574885577
7,0.8288999795913696,<class 'model.Wide_ResNet'>,<class 'torch.nn.modules.loss.CrossEntropyLoss'>,<class 'torch.optim.sgd.SGD'>,,cuda:0,,128,200,128,1024,1,8,,16,4,0.3,10,0.02,0.9,True,0.0005,"<Client: 'inproc://172.31.40.124/3285/1' processes=1 threads=4, memory=16.48 GB>",3128,400384,3128,9,8,1,0.8288999795913696,0.5035502044677734,5.111796617507935,76.77950024604797,128,0.02,3505.928137548268
8,0.8197999596595764,<class 'model.Wide_ResNet'>,<class 'torch.nn.modules.loss.CrossEntropyLoss'>,<class 'torch.optim.sgd.SGD'>,,cuda:0,,128,200,128,1024,1,8,,16,4,0.3,10,0.02,0.9,True,0.0005,"<Client: 'inproc://172.31.40.124/3285/1' processes=1 threads=4, memory=16.48 GB>",3519,450432,3519,10,9,1,0.8197999596595764,0.5376310089111328,5.0909483432769775,77.10356593132019,128,0.02,3589.439891114831
9,0.8362999558448792,<class 'model.Wide_ResNet'>,<class 'torch.nn.modules.loss.CrossEntropyLoss'>,<class 'torch.optim.sgd.SGD'>,,cuda:0,,128,200,128,1024,1,8,,16,4,0.3,10,0.02,0.9,True,0.0005,"<Client: 'inproc://172.31.40.124/3285/1' processes=1 threads=4, memory=16.48 GB>",3910,500480,3910,11,10,1,0.8362999558448792,0.48077220458984377,5.131781101226807,77.0987274646759,128,0.02,3548.9926673900336
10,0.8417999744415283,<class 'model.Wide_ResNet'>,<class 'torch.nn.modules.loss.CrossEntropyLoss'>,<class 'torch.optim.sgd.SGD'>,,cuda:0,,128,200,128,1024,1,8,,16,4,0.3,10,0.02,0.9,True,0.0005,"<Client: 'inproc://172.31.40.124/3285/1' processes=1 threads=4, memory=16.48 GB>",4301,550528,4301,12,11,1,0.8417999744415283,0.47480296325683596,5.07106351852417,77.12167692184448,128,0.02,3637.9443617276847
11,0.8388999700546265,<class 'model.Wide_ResNet'>,<class 'torch.nn.modules.loss.CrossEntropyLoss'>,<class 'torch.optim.sgd.SGD'>,,cuda:0,,128,200,128,1024,1,8,,16,4,0.3,10,0.02,0.9,True,0.0005,"<Client: 'inproc://172.31.40.124/3285/1' processes=1 threads=4, memory=16.48 GB>",4692,600576,4692,14,12,1,0.8388999700546265,0.4859556793212891,5.077571630477905,76.82000088691711,128,0.02,3677.4564902335405
12,0.8463000059127808,<class 'model.Wide_ResNet'>,<class 'torch.nn.modules.loss.CrossEntropyLoss'>,<class 'torch.optim.sgd.SGD'>,,cuda:0,,128,200,128,1024,1,8,,16,4,0.3,10,0.02,0.9,True,0.0005,"<Client: 'inproc://172.31.40.124/3285/1' processes=1 threads=4, memory=16.48 GB>",5083,650624,5083,15,13,1,0.8463000059127808,0.45970040893554687,5.158722162246704,77.1594626903534,128,0.02,3692.520000871271
13,0.8513999581336975,<class 'model.Wide_ResNet'>,<class 'torch.nn.modules.loss.CrossEntropyLoss'>,<class 'torch.optim.sgd.SGD'>,,cuda:0,,128,200,128,1024,1,8,,16,4,0.3,10,0.02,0.9,True,0.0005,"<Client: 'inproc://172.31.40.124/3285/1' processes=1 threads=4, memory=16.48 GB>",5474,700672,5474,16,14,1,0.8513999581336975,0.44617051391601564,5.129314184188843,77.17784404754639,128,0.02,3748.666465559043
14,0.8552999496459961,<class 'model.Wide_ResNet'>,<class 'torch.nn.modules.loss.CrossEntropyLoss'>,<class 'torch.optim.sgd.SGD'>,,cuda:0,,128,200,128,1024,1,8,,16,4,0.3,10,0.02,0.9,True,0.0005,"<Client: 'inproc://172.31.40.124/3285/1' processes=1 threads=4, memory=16.48 GB>",5865,750720,5865,17,15,1,0.8552999496459961,0.4336545379638672,5.145086050033569,76.98416924476624,128,0.02,3756.1740212012082
15,0.8496999740600586,<class 'model.Wide_ResNet'>,<class 'torch.nn.modules.loss.CrossEntropyLoss'>,<class 'torch.optim.sgd.SGD'>,,cuda:0,,128,200,128,1024,1,8,,16,4,0.3,10,0.02,0.9,True,0.0005,"<Client: 'inproc://172.31.40.124/3285/1' processes=1 threads=4, memory=16.48 GB>",6256,800768,6256,18,16,1,0.8496999740600586,0.43838560791015624,5.1084113121032715,76.65504479408264,128,0.02,3794.0770036485046
16,0.8652999997138977,<class 'model.Wide_ResNet'>,<class 'torch.nn.modules.loss.CrossEntropyLoss'>,<class 'torch.optim.sgd.SGD'>,,cuda:0,,128,200,128,1024,1,8,,16,4,0.3,10,0.02,0.9,True,0.0005,"<Client: 'inproc://172.31.40.124/3285/1' processes=1 threads=4, memory=16.48 GB>",6647,850816,6647,19,17,1,0.8652999997138977,0.4143701507568359,5.11011815071106,77.29376888275146,128,0.02,3749.8431537458673
17,0.8557999730110168,<class 'model.Wide_ResNet'>,<class 'torch.nn.modules.loss.CrossEntropyLoss'>,<class 'torch.optim.sgd.SGD'>,,cuda:0,,128,200,128,1024,1,8,,16,4,0.3,10,0.02,0.9,True,0.0005,"<Client: 'inproc://172.31.40.124/3285/1' processes=1 threads=4, memory=16.48 GB>",7038,900864,7038,20,18,1,0.8557999730110168,0.42482639770507813,5.1035497188568115,77.28921508789062,128,0.02,3799.9930214872584
18,0.8636999726295471,<class 'model.Wide_ResNet'>,<class 'torch.nn.modules.loss.CrossEntropyLoss'>,<class 'torch.optim.sgd.SGD'>,,cuda:0,,128,200,128,1024,1,8,,16,4,0.3,10,0.02,0.9,True,0.0005,"<Client: 'inproc://172.31.40.124/3285/1' processes=1 threads=4, memory=16.48 GB>",7429,950912,7429,21,19,1,0.8636999726295471,0.41490150756835936,5.072556734085083,76.98498630523682,128,0.02,3813.58053790126
19,0.8657999634742737,<class 'model.Wide_ResNet'>,<class 'torch.nn.modules.loss.CrossEntropyLoss'>,<class 'torch.optim.sgd.SGD'>,,cuda:0,,128,200,128,1024,1,8,,16,4,0.3,10,0.02,0.9,True,0.0005,"<Client: 'inproc://172.31.40.124/3285/1' processes=1 threads=4, memory=16.48 GB>",7820,1000960,7820,22,20,1,0.8657999634742737,0.4047309356689453,5.08628249168396,76.77711057662964,128,0.02,3857.6754419766366
20,0.8575999736785889,<class 'model.Wide_ResNet'>,<class 'torch.nn.modules.loss.CrossEntropyLoss'>,<class 'torch.optim.sgd.SGD'>,,cuda:0,,128,200,128,1024,1,8,,16,4,0.3,10,0.02,0.9,True,0.0005,"<Client: 'inproc://172.31.40.124/3285/1' processes=1 threads=4, memory=16.48 GB>",8211,1051008,8211,23,21,1,0.8575999736785889,0.43452828063964843,5.156098127365112,77.39964866638184,128,0.02,3893.398265541531
21,0.8709999918937683,<class 'model.Wide_ResNet'>,<class 'torch.nn.modules.loss.CrossEntropyLoss'>,<class 'torch.optim.sgd.SGD'>,,cuda:0,,128,200,128,1024,1,8,,16,4,0.3,10,0.02,0.9,True,0.0005,"<Client: 'inproc://172.31.40.124/3285/1' processes=1 threads=4, memory=16.48 GB>",8602,1101056,8602,24,22,1,0.8709999918937683,0.3915801574707031,5.104278564453125,76.96256041526794,128,0.02,3845.945448854007
22,0.8664000034332275,<class 'model.Wide_ResNet'>,<class 'torch.nn.modules.loss.CrossEntropyLoss'>,<class 'torch.optim.sgd.SGD'>,,cuda:0,,128,200,128,1024,1,8,,16,4,0.3,10,0.02,0.9,True,0.0005,"<Client: 'inproc://172.31.40.124/3285/1' processes=1 threads=4, memory=16.48 GB>",8993,1151104,8993,25,23,1,0.8664000034332275,0.4039047760009766,5.079390048980713,77.10461211204529,128,0.02,3855.8271826747805
23,0.8654999732971191,<class 'model.Wide_ResNet'>,<class 'torch.nn.modules.loss.CrossEntropyLoss'>,<class 'torch.optim.sgd.SGD'>,,cuda:0,,128,200,128,1024,1,8,,16,4,0.3,10,0.02,0.9,True,0.0005,"<Client: 'inproc://172.31.40.124/3285/1' processes=1 threads=4, memory=16.48 GB>",9384,1201152,9384,26,24,1,0.8654999732971191,0.41520738830566406,5.115447044372559,76.94105863571167,128,0.02,3867.9977815188468
24,0.8682000041007996,<class 'model.Wide_ResNet'>,<class 'torch.nn.modules.loss.CrossEntropyLoss'>,<class 'torch.optim.sgd.SGD'>,,cuda:0,,128,200,128,1024,1,8,,16,4,0.3,10,0.02,0.9,True,0.0005,"<Client: 'inproc://172.31.40.124/3285/1' processes=1 threads=4, memory=16.48 GB>",9775,1251200,9775,27,25,1,0.8682000041007996,0.39668035888671876,5.135143518447876,77.16177487373352,128,0.02,3877.914943344891
25,0.8631999492645264,<class 'model.Wide_ResNet'>,<class 'torch.nn.modules.loss.CrossEntropyLoss'>,<class 'torch.optim.sgd.SGD'>,,cuda:0,,128,200,128,1024,1,8,,16,4,0.3,10,0.02,0.9,True,0.0005,"<Client: 'inproc://172.31.40.124/3285/1' processes=1 threads=4, memory=16.48 GB>",10166,1301248,10166,28,26,1,0.8631999492645264,0.42211981811523436,5.072034120559692,77.21403455734253,128,0.02,3881.9955462552607
26,0.8708999752998352,<class 'model.Wide_ResNet'>,<class 'torch.nn.modules.loss.CrossEntropyLoss'>,<class 'torch.optim.sgd.SGD'>,,cuda:0,,128,200,128,1024,1,8,,16,4,0.3,10,0.02,0.9,True,0.0005,"<Client: 'inproc://172.31.40.124/3285/1' processes=1 threads=4, memory=16.48 GB>",10557,1351296,10557,29,27,1,0.8708999752998352,0.39461355285644534,5.110185146331787,76.76831007003784,128,0.02,3916.007073975168
27,0.8671000003814697,<class 'model.Wide_ResNet'>,<class 'torch.nn.modules.loss.CrossEntropyLoss'>,<class 'torch.optim.sgd.SGD'>,,cuda:0,,128,200,128,1024,1,8,,16,4,0.3,10,0.02,0.9,True,0.0005,"<Client: 'inproc://172.31.40.124/3285/1' processes=1 threads=4, memory=16.48 GB>",10948,1401344,10948,30,28,1,0.8671000003814697,0.39950471801757814,5.117883205413818,77.40410470962524,128,0.02,3863.6067251954228
28,0.8745999932289124,<class 'model.Wide_ResNet'>,<class 'torch.nn.modules.loss.CrossEntropyLoss'>,<class 'torch.optim.sgd.SGD'>,,cuda:0,,128,200,128,1024,1,8,,16,4,0.3,10,0.02,0.9,True,0.0005,"<Client: 'inproc://172.31.40.124/3285/1' processes=1 threads=4, memory=16.48 GB>",11339,1451392,11339,31,29,1,0.8745999932289124,0.38764349060058595,5.131123065948486,77.16818523406982,128,0.02,3892.6351320836693
29,0.8710999488830566,<class 'model.Wide_ResNet'>,<class 'torch.nn.modules.loss.CrossEntropyLoss'>,<class 'torch.optim.sgd.SGD'>,,cuda:0,,128,200,128,1024,1,8,,16,4,0.3,10,0.02,0.9,True,0.0005,"<Client: 'inproc://172.31.40.124/3285/1' processes=1 threads=4, memory=16.48 GB>",11730,1501440,11730,32,30,1,0.8710999488830566,0.3903957733154297,5.0755815505981445,76.41714668273926,128,0.02,3904.4965908899903
30,0.8777999877929688,<class 'model.Wide_ResNet'>,<class 'torch.nn.modules.loss.CrossEntropyLoss'>,<class 'torch.optim.sgd.SGD'>,,cuda:0,,128,200,128,1024,1,8,,16,4,0.3,10,0.02,0.9,True,0.0005,"<Client: 'inproc://172.31.40.124/3285/1' processes=1 threads=4, memory=16.48 GB>",12121,1551488,12121,33,31,1,0.8777999877929688,0.37045598754882814,5.085658311843872,77.506831407547,128,0.02,3913.5300200739875
31,0.8758999705314636,<class 'model.Wide_ResNet'>,<class 'torch.nn.modules.loss.CrossEntropyLoss'>,<class 'torch.optim.sgd.SGD'>,,cuda:0,,128,200,128,1024,1,8,,16,4,0.3,10,0.02,0.9,True,0.0005,"<Client: 'inproc://172.31.40.124/3285/1' processes=1 threads=4, memory=16.48 GB>",12512,1601536,12512,34,32,1,0.8758999705314636,0.37107955017089844,5.170759439468384,76.94240736961365,128,0.02,3924.949598273728
32,0.8678999543190002,<class 'model.Wide_ResNet'>,<class 'torch.nn.modules.loss.CrossEntropyLoss'>,<class 'torch.optim.sgd.SGD'>,,cuda:0,,128,200,128,1024,1,8,,16,4,0.3,10,0.02,0.9,True,0.0005,"<Client: 'inproc://172.31.40.124/3285/1' processes=1 threads=4, memory=16.48 GB>",12903,1651584,12903,35,33,1,0.8678999543190002,0.4071501770019531,5.113172292709351,77.02820038795471,128,0.02,3891.3899068604223
33,0.8759999871253967,<class 'model.Wide_ResNet'>,<class 'torch.nn.modules.loss.CrossEntropyLoss'>,<class 'torch.optim.sgd.SGD'>,,cuda:0,,128,200,128,1024,1,8,,16,4,0.3,10,0.02,0.9,True,0.0005,"<Client: 'inproc://172.31.40.124/3285/1' processes=1 threads=4, memory=16.48 GB>",13294,1701632,13294,36,34,1,0.8759999871253967,0.3834963317871094,5.080917596817017,77.25357007980347,128,0.02,3908.041981902439
34,0.8761000037193298,<class 'model.Wide_ResNet'>,<class 'torch.nn.modules.loss.CrossEntropyLoss'>,<class 'torch.optim.sgd.SGD'>,,cuda:0,,128,200,128,1024,1,8,,16,4,0.3,10,0.02,0.9,True,0.0005,"<Client: 'inproc://172.31.40.124/3285/1' processes=1 threads=4, memory=16.48 GB>",13685,1751680,13685,37,35,1,0.8761000037193298,0.37975933532714845,5.110893487930298,76.80532336235046,128,0.02,3910.3329164786264
35,0.8762999773025513,<class 'model.Wide_ResNet'>,<class 'torch.nn.modules.loss.CrossEntropyLoss'>,<class 'torch.optim.sgd.SGD'>,,cuda:0,,128,200,128,1024,1,8,,16,4,0.3,10,0.02,0.9,True,0.0005,"<Client: 'inproc://172.31.40.124/3285/1' processes=1 threads=4, memory=16.48 GB>",14076,1801728,14076,38,36,1,0.8762999773025513,0.37985335083007815,5.103187322616577,77.20492196083069,128,0.02,3908.8684325488284
36,0.8772000074386597,<class 'model.Wide_ResNet'>,<class 'torch.nn.modules.loss.CrossEntropyLoss'>,<class 'torch.optim.sgd.SGD'>,,cuda:0,,128,200,128,1024,1,8,,16,4,0.3,10,0.02,0.9,True,0.0005,"<Client: 'inproc://172.31.40.124/3285/1' processes=1 threads=4, memory=16.48 GB>",14467,1851776,14467,39,37,1,0.8772000074386597,0.3641415374755859,5.118271827697754,77.25013017654419,128,0.02,3898.1601301226765
37,0.8723999857902527,<class 'model.Wide_ResNet'>,<class 'torch.nn.modules.loss.CrossEntropyLoss'>,<class 'torch.optim.sgd.SGD'>,,cuda:0,,128,200,128,1024,1,8,,16,4,0.3,10,0.02,0.9,True,0.0005,"<Client: 'inproc://172.31.40.124/3285/1' processes=1 threads=4, memory=16.48 GB>",14858,1901824,14858,40,38,1,0.8723999857902527,0.3838828247070312,5.113795042037964,76.6529712677002,128,0.02,3947.0591924078763
38,0.8751999735832214,<class 'model.Wide_ResNet'>,<class 'torch.nn.modules.loss.CrossEntropyLoss'>,<class 'torch.optim.sgd.SGD'>,,cuda:0,,128,200,128,1024,1,8,,16,4,0.3,10,0.02,0.9,True,0.0005,"<Client: 'inproc://172.31.40.124/3285/1' processes=1 threads=4, memory=16.48 GB>",15249,1951872,15249,41,39,1,0.8751999735832214,0.37858418884277345,5.156731605529785,76.76631569862366,128,0.02,3940.086234255694
39,0.8847999572753906,<class 'model.Wide_ResNet'>,<class 'torch.nn.modules.loss.CrossEntropyLoss'>,<class 'torch.optim.sgd.SGD'>,,cuda:0,,128,200,128,1024,1,8,,16,4,0.3,10,0.02,0.9,True,0.0005,"<Client: 'inproc://172.31.40.124/3285/1' processes=1 threads=4, memory=16.48 GB>",15640,2001920,15640,42,40,1,0.8847999572753906,0.35621851501464846,5.876791477203369,77.11107897758484,128,0.02,3882.790099444799
40,0.8831999897956848,<class 'model.Wide_ResNet'>,<class 'torch.nn.modules.loss.CrossEntropyLoss'>,<class 'torch.optim.sgd.SGD'>,,cuda:0,,128,200,128,1024,1,8,,16,4,0.3,10,0.02,0.9,True,0.0005,"<Client: 'inproc://172.31.40.124/3285/1' processes=1 threads=4, memory=16.48 GB>",16031,2051968,16031,43,41,1,0.8831999897956848,0.35774346008300784,5.086907625198364,76.45712518692017,128,0.02,3897.1945027755573
41,0.8816999793052673,<class 'model.Wide_ResNet'>,<class 'torch.nn.modules.loss.CrossEntropyLoss'>,<class 'torch.optim.sgd.SGD'>,,cuda:0,,128,200,128,1024,1,8,,16,4,0.3,10,0.02,0.9,True,0.0005,"<Client: 'inproc://172.31.40.124/3285/1' processes=1 threads=4, memory=16.48 GB>",16422,2102016,16422,44,42,1,0.8816999793052673,0.3564707550048828,5.10080623626709,76.79092502593994,128,0.02,3885.745019913651
42,0.8736000061035156,<class 'model.Wide_ResNet'>,<class 'torch.nn.modules.loss.CrossEntropyLoss'>,<class 'torch.optim.sgd.SGD'>,,cuda:0,,128,200,128,1024,1,8,,16,4,0.3,10,0.02,0.9,True,0.0005,"<Client: 'inproc://172.31.40.124/3285/1' processes=1 threads=4, memory=16.48 GB>",16813,2152064,16813,45,43,1,0.8736000061035156,0.3907807342529297,5.163716077804565,77.03048992156982,128,0.02,3905.3770966543816
43,0.8817999958992004,<class 'model.Wide_ResNet'>,<class 'torch.nn.modules.loss.CrossEntropyLoss'>,<class 'torch.optim.sgd.SGD'>,,cuda:0,,128,200,128,1024,1,8,,16,4,0.3,10,0.02,0.9,True,0.0005,"<Client: 'inproc://172.31.40.124/3285/1' processes=1 threads=4, memory=16.48 GB>",17204,2202112,17204,46,44,1,0.8817999958992004,0.3576094573974609,5.057475805282593,77.8231508731842,128,0.02,3877.1330108139664
44,0.8761999607086182,<class 'model.Wide_ResNet'>,<class 'torch.nn.modules.loss.CrossEntropyLoss'>,<class 'torch.optim.sgd.SGD'>,,cuda:0,,128,200,128,1024,1,8,,16,4,0.3,10,0.02,0.9,True,0.0005,"<Client: 'inproc://172.31.40.124/3285/1' processes=1 threads=4, memory=16.48 GB>",17595,2252160,17595,47,45,1,0.8761999607086182,0.38475850830078123,5.111508846282959,76.50362420082092,128,0.02,3887.0227715997025
45,0.883899986743927,<class 'model.Wide_ResNet'>,<class 'torch.nn.modules.loss.CrossEntropyLoss'>,<class 'torch.optim.sgd.SGD'>,,cuda:0,,128,200,128,1024,1,8,,16,4,0.3,10,0.02,0.9,True,0.0005,"<Client: 'inproc://172.31.40.124/3285/1' processes=1 threads=4, memory=16.48 GB>",17986,2302208,17986,48,46,1,0.883899986743927,0.3500151123046875,5.123219966888428,77.03427362442017,128,0.02,3929.259271849878
46,0.8809999823570251,<class 'model.Wide_ResNet'>,<class 'torch.nn.modules.loss.CrossEntropyLoss'>,<class 'torch.optim.sgd.SGD'>,,cuda:0,,128,200,128,1024,1,8,,16,4,0.3,10,0.02,0.9,True,0.0005,"<Client: 'inproc://172.31.40.124/3285/1' processes=1 threads=4, memory=16.48 GB>",18377,2352256,18377,49,47,1,0.8809999823570251,0.3653186859130859,5.09300422668457,77.14082050323486,128,0.02,3910.751479372848
47,0.8792999982833862,<class 'model.Wide_ResNet'>,<class 'torch.nn.modules.loss.CrossEntropyLoss'>,<class 'torch.optim.sgd.SGD'>,,cuda:0,,128,200,128,1024,1,8,,16,4,0.3,10,0.02,0.9,True,0.0005,"<Client: 'inproc://172.31.40.124/3285/1' processes=1 threads=4, memory=16.48 GB>",18768,2402304,18768,50,48,1,0.8792999982833862,0.37743281555175784,5.117743968963623,77.3874158859253,128,0.02,3901.644688071683
48,0.8815999627113342,<class 'model.Wide_ResNet'>,<class 'torch.nn.modules.loss.CrossEntropyLoss'>,<class 'torch.optim.sgd.SGD'>,,cuda:0,,128,200,128,1024,1,8,,16,4,0.3,10,0.02,0.9,True,0.0005,"<Client: 'inproc://172.31.40.124/3285/1' processes=1 threads=4, memory=16.48 GB>",19159,2452352,19159,51,49,1,0.8815999627113342,0.3641947021484375,5.080514669418335,76.73289918899536,128,0.02,3913.0948573639616
49,0.8840999603271484,<class 'model.Wide_ResNet'>,<class 'torch.nn.modules.loss.CrossEntropyLoss'>,<class 'torch.optim.sgd.SGD'>,,cuda:0,,128,200,128,1024,1,8,,16,4,0.3,10,0.02,0.9,True,0.0005,"<Client: 'inproc://172.31.40.124/3285/1' processes=1 threads=4, memory=16.48 GB>",19550,2502400,19550,52,50,1,0.8840999603271484,0.3552929534912109,5.153116464614868,76.92515778541565,128,0.02,3903.052266586572
50,0.87909996509552,<class 'model.Wide_ResNet'>,<class 'torch.nn.modules.loss.CrossEntropyLoss'>,<class 'torch.optim.sgd.SGD'>,,cuda:0,,128,200,128,1024,1,8,,16,4,0.3,10,0.02,0.9,True,0.0005,"<Client: 'inproc://172.31.40.124/3285/1' processes=1 threads=4, memory=16.48 GB>",19941,2552448,19941,53,51,1,0.87909996509552,0.37473525390625,5.086788654327393,77.23350095748901,128,0.02,3893.013309397036
51,0.8858999609947205,<class 'model.Wide_ResNet'>,<class 'torch.nn.modules.loss.CrossEntropyLoss'>,<class 'torch.optim.sgd.SGD'>,,cuda:0,,128,200,128,1024,1,8,,16,4,0.3,10,0.02,0.9,True,0.0005,"<Client: 'inproc://172.31.40.124/3285/1' processes=1 threads=4, memory=16.48 GB>",20332,2602496,20332,54,52,1,0.8858999609947205,0.35246986694335936,5.0915515422821045,77.44567847251892,128,0.02,3919.394572207704
52,0.8748999834060669,<class 'model.Wide_ResNet'>,<class 'torch.nn.modules.loss.CrossEntropyLoss'>,<class 'torch.optim.sgd.SGD'>,,cuda:0,,128,200,128,1024,1,8,,16,4,0.3,10,0.02,0.9,True,0.0005,"<Client: 'inproc://172.31.40.124/3285/1' processes=1 threads=4, memory=16.48 GB>",20723,2652544,20723,55,53,1,0.8748999834060669,0.3974282196044922,5.111855983734131,76.93710827827454,128,0.02,3923.1275222506374
53,0.8842999935150146,<class 'model.Wide_ResNet'>,<class 'torch.nn.modules.loss.CrossEntropyLoss'>,<class 'torch.optim.sgd.SGD'>,,cuda:0,,128,200,128,1024,1,8,,16,4,0.3,10,0.02,0.9,True,0.0005,"<Client: 'inproc://172.31.40.124/3285/1' processes=1 threads=4, memory=16.48 GB>",21114,2702592,21114,56,54,1,0.8842999935150146,0.35463667907714846,5.17878532409668,77.09938907623291,128,0.02,3907.5850387627725
54,0.8797000050544739,<class 'model.Wide_ResNet'>,<class 'torch.nn.modules.loss.CrossEntropyLoss'>,<class 'torch.optim.sgd.SGD'>,,cuda:0,,128,200,128,1024,1,8,,16,4,0.3,10,0.02,0.9,True,0.0005,"<Client: 'inproc://172.31.40.124/3285/1' processes=1 threads=4, memory=16.48 GB>",21505,2752640,21505,57,55,1,0.8797000050544739,0.3726403259277344,5.07776141166687,76.96562194824219,128,0.02,3914.444625508273
55,0.8791999816894531,<class 'model.Wide_ResNet'>,<class 'torch.nn.modules.loss.CrossEntropyLoss'>,<class 'torch.optim.sgd.SGD'>,,cuda:0,,128,200,128,1024,1,8,,16,4,0.3,10,0.02,0.9,True,0.0005,"<Client: 'inproc://172.31.40.124/3285/1' processes=1 threads=4, memory=16.48 GB>",21896,2802688,21896,58,56,1,0.8791999816894531,0.35705083312988284,5.102638483047485,77.48480868339539,128,0.02,3945.2130517025944
56,0.8878999948501587,<class 'model.Wide_ResNet'>,<class 'torch.nn.modules.loss.CrossEntropyLoss'>,<class 'torch.optim.sgd.SGD'>,,cuda:0,,128,200,128,1024,1,8,,16,4,0.3,10,0.02,0.9,True,0.0005,"<Client: 'inproc://172.31.40.124/3285/1' processes=1 threads=4, memory=16.48 GB>",22287,2852736,22287,59,57,1,0.8878999948501587,0.3428907043457031,5.099220037460327,76.98062825202942,128,0.02,3966.0562490709126
57,0.8873999714851379,<class 'model.Wide_ResNet'>,<class 'torch.nn.modules.loss.CrossEntropyLoss'>,<class 'torch.optim.sgd.SGD'>,,cuda:0,,128,200,128,1024,1,8,,16,4,0.3,10,0.02,0.9,True,0.0005,"<Client: 'inproc://172.31.40.124/3285/1' processes=1 threads=4, memory=16.48 GB>",22678,2902784,22678,60,58,1,0.8873999714851379,0.348034228515625,5.1243016719818115,77.2355329990387,128,0.02,3947.7398904140573
58,0.8831999897956848,<class 'model.Wide_ResNet'>,<class 'torch.nn.modules.loss.CrossEntropyLoss'>,<class 'torch.optim.sgd.SGD'>,,cuda:0,,128,200,128,1024,1,8,,16,4,0.3,10,0.02,0.9,True,0.0005,"<Client: 'inproc://172.31.40.124/3285/1' processes=1 threads=4, memory=16.48 GB>",23069,2952832,23069,61,59,1,0.8831999897956848,0.34992351989746096,5.152907609939575,76.62898349761963,128,0.02,3943.1917912338395
59,0.873199999332428,<class 'model.Wide_ResNet'>,<class 'torch.nn.modules.loss.CrossEntropyLoss'>,<class 'torch.optim.sgd.SGD'>,,cuda:0,,128,200,128,1024,1,8,,16,4,0.3,10,0.02,0.9,True,0.0005,"<Client: 'inproc://172.31.40.124/3285/1' processes=1 threads=4, memory=16.48 GB>",23460,3002880,23460,62,60,1,0.873199999332428,0.3854572998046875,5.0920867919921875,77.72482967376709,128,0.02,3979.052017175127
60,0.8829999566078186,<class 'model.Wide_ResNet'>,<class 'torch.nn.modules.loss.CrossEntropyLoss'>,<class 'torch.optim.sgd.SGD'>,,cuda:0,,128,200,128,1024,1,8,,16,4,0.3,10,0.02,0.9,True,0.0005,"<Client: 'inproc://172.31.40.124/3285/1' processes=1 threads=4, memory=16.48 GB>",23851,3052928,23851,64,61,1,0.8829999566078186,0.34897842407226565,5.180454969406128,77.18554949760437,128,0.02,3932.9594640878495
61,0.8783999681472778,<class 'model.Wide_ResNet'>,<class 'torch.nn.modules.loss.CrossEntropyLoss'>,<class 'torch.optim.sgd.SGD'>,,cuda:0,,128,200,128,1024,1,8,,16,4,0.3,10,0.02,0.9,True,0.0005,"<Client: 'inproc://172.31.40.124/3285/1' processes=1 threads=4, memory=16.48 GB>",24242,3102976,24242,65,62,1,0.8783999681472778,0.3679065490722656,5.061198711395264,76.6401584148407,128,0.02,3976.824734455906
62,0.8894999623298645,<class 'model.Wide_ResNet'>,<class 'torch.nn.modules.loss.CrossEntropyLoss'>,<class 'torch.optim.sgd.SGD'>,,cuda:0,,128,200,128,1024,1,8,,16,4,0.3,10,0.02,0.9,True,0.0005,"<Client: 'inproc://172.31.40.124/3285/1' processes=1 threads=4, memory=16.48 GB>",24633,3153024,24633,66,63,1,0.8894999623298645,0.3421167694091797,5.142544507980347,76.61317658424377,128,0.02,3922.853402150329
63,0.8762999773025513,<class 'model.Wide_ResNet'>,<class 'torch.nn.modules.loss.CrossEntropyLoss'>,<class 'torch.optim.sgd.SGD'>,,cuda:0,,128,200,128,1024,1,8,,16,4,0.3,10,0.02,0.9,True,0.0005,"<Client: 'inproc://172.31.40.124/3285/1' processes=1 threads=4, memory=16.48 GB>",25024,3203072,25024,67,64,1,0.8762999773025513,0.38892779541015626,5.137885332107544,77.86767840385437,128,0.02,3930.927898639813
64,0.8886999487876892,<class 'model.Wide_ResNet'>,<class 'torch.nn.modules.loss.CrossEntropyLoss'>,<class 'torch.optim.sgd.SGD'>,,cuda:0,,128,200,128,1024,1,8,,16,4,0.3,10,0.02,0.9,True,0.0005,"<Client: 'inproc://172.31.40.124/3285/1' processes=1 threads=4, memory=16.48 GB>",25415,3253120,25415,68,65,1,0.8886999487876892,0.34155418701171875,5.112116098403931,77.14860367774963,128,0.02,3925.6410334170796
65,0.8937000036239624,<class 'model.Wide_ResNet'>,<class 'torch.nn.modules.loss.CrossEntropyLoss'>,<class 'torch.optim.sgd.SGD'>,,cuda:0,,128,200,128,1024,1,8,,16,4,0.3,10,0.02,0.9,True,0.0005,"<Client: 'inproc://172.31.40.124/3285/1' processes=1 threads=4, memory=16.48 GB>",25806,3303168,25806,69,66,1,0.8937000036239624,0.32552563171386717,5.121772766113281,76.62481713294983,128,0.02,3923.966707801912
66,0.8914999961853027,<class 'model.Wide_ResNet'>,<class 'torch.nn.modules.loss.CrossEntropyLoss'>,<class 'torch.optim.sgd.SGD'>,,cuda:0,,128,200,128,1024,1,8,,16,4,0.3,10,0.02,0.9,True,0.0005,"<Client: 'inproc://172.31.40.124/3285/1' processes=1 threads=4, memory=16.48 GB>",26197,3353216,26197,70,67,1,0.8914999961853027,0.33695677795410156,5.101398706436157,76.6852707862854,128,0.02,3937.295087287901
67,0.8833000063896179,<class 'model.Wide_ResNet'>,<class 'torch.nn.modules.loss.CrossEntropyLoss'>,<class 'torch.optim.sgd.SGD'>,,cuda:0,,128,200,128,1024,1,8,,16,4,0.3,10,0.02,0.9,True,0.0005,"<Client: 'inproc://172.31.40.124/3285/1' processes=1 threads=4, memory=16.48 GB>",26588,3403264,26588,71,68,1,0.8833000063896179,0.36604673767089846,5.171719789505005,77.07854294776917,128,0.02,3981.34928437951
68,0.8919999599456787,<class 'model.Wide_ResNet'>,<class 'torch.nn.modules.loss.CrossEntropyLoss'>,<class 'torch.optim.sgd.SGD'>,,cuda:0,,128,200,128,1024,1,8,,16,4,0.3,10,0.02,0.9,True,0.0005,"<Client: 'inproc://172.31.40.124/3285/1' processes=1 threads=4, memory=16.48 GB>",26979,3453312,26979,72,69,1,0.8919999599456787,0.3384613311767578,5.09060001373291,76.91765308380127,128,0.02,3973.0827038139105
69,0.8847000002861023,<class 'model.Wide_ResNet'>,<class 'torch.nn.modules.loss.CrossEntropyLoss'>,<class 'torch.optim.sgd.SGD'>,,cuda:0,,128,200,128,1024,1,8,,16,4,0.3,10,0.02,0.9,True,0.0005,"<Client: 'inproc://172.31.40.124/3285/1' processes=1 threads=4, memory=16.48 GB>",27370,3503360,27370,73,70,1,0.8847000002861023,0.3487838623046875,5.09154200553894,76.64262986183167,128,0.02,3996.7797941658646
70,0.8926999568939209,<class 'model.Wide_ResNet'>,<class 'torch.nn.modules.loss.CrossEntropyLoss'>,<class 'torch.optim.sgd.SGD'>,,cuda:0,,128,200,128,1024,1,8,,16,4,0.3,10,0.02,0.9,True,0.0005,"<Client: 'inproc://172.31.40.124/3285/1' processes=1 threads=4, memory=16.48 GB>",27761,3553408,27761,74,71,1,0.8926999568939209,0.33352442932128906,5.106722831726074,76.80974531173706,128,0.02,3958.964689877932
71,0.8815000057220459,<class 'model.Wide_ResNet'>,<class 'torch.nn.modules.loss.CrossEntropyLoss'>,<class 'torch.optim.sgd.SGD'>,,cuda:0,,128,200,128,1024,1,8,,16,4,0.3,10,0.02,0.9,True,0.0005,"<Client: 'inproc://172.31.40.124/3285/1' processes=1 threads=4, memory=16.48 GB>",28152,3603456,28152,75,72,1,0.8815000057220459,0.3595198486328125,5.114715099334717,77.30541920661926,128,0.02,3961.8994443332776
72,0.8835999965667725,<class 'model.Wide_ResNet'>,<class 'torch.nn.modules.loss.CrossEntropyLoss'>,<class 'torch.optim.sgd.SGD'>,,cuda:0,,128,200,128,1024,1,8,,16,4,0.3,10,0.02,0.9,True,0.0005,"<Client: 'inproc://172.31.40.124/3285/1' processes=1 threads=4, memory=16.48 GB>",28543,3653504,28543,76,73,1,0.8835999965667725,0.35936954345703126,5.0709006786346436,76.48838305473328,128,0.02,3970.426909143571
73,0.8827999830245972,<class 'model.Wide_ResNet'>,<class 'torch.nn.modules.loss.CrossEntropyLoss'>,<class 'torch.optim.sgd.SGD'>,,cuda:0,,128,200,128,1024,1,8,,16,4,0.3,10,0.02,0.9,True,0.0005,"<Client: 'inproc://172.31.40.124/3285/1' processes=1 threads=4, memory=16.48 GB>",28934,3703552,28934,77,74,1,0.8827999830245972,0.3607716949462891,5.092336893081665,76.46737003326416,128,0.02,3969.8339779914822
74,0.8905999660491943,<class 'model.Wide_ResNet'>,<class 'torch.nn.modules.loss.CrossEntropyLoss'>,<class 'torch.optim.sgd.SGD'>,,cuda:0,,128,200,128,1024,1,8,,16,4,0.3,10,0.02,0.9,True,0.0005,"<Client: 'inproc://172.31.40.124/3285/1' processes=1 threads=4, memory=16.48 GB>",29325,3753600,29325,78,75,1,0.8905999660491943,0.32628983154296876,6.062175750732422,76.41411685943604,128,0.02,3989.643780392478
75,0.8858000040054321,<class 'model.Wide_ResNet'>,<class 'torch.nn.modules.loss.CrossEntropyLoss'>,<class 'torch.optim.sgd.SGD'>,,cuda:0,,128,200,128,1024,1,8,,16,4,0.3,10,0.02,0.9,True,0.0005,"<Client: 'inproc://172.31.40.124/3285/1' processes=1 threads=4, memory=16.48 GB>",29716,3803648,29716,79,76,1,0.8858000040054321,0.36748058166503905,5.0921642780303955,76.33315110206604,128,0.02,3969.431202083244
76,0.8791999816894531,<class 'model.Wide_ResNet'>,<class 'torch.nn.modules.loss.CrossEntropyLoss'>,<class 'torch.optim.sgd.SGD'>,,cuda:0,,128,200,128,1024,1,8,,16,4,0.3,10,0.02,0.9,True,0.0005,"<Client: 'inproc://172.31.40.124/3285/1' processes=1 threads=4, memory=16.48 GB>",30107,3853696,30107,80,77,1,0.8791999816894531,0.3747893951416016,5.0916149616241455,76.53152751922607,128,0.02,3989.695039926446
77,0.8905999660491943,<class 'model.Wide_ResNet'>,<class 'torch.nn.modules.loss.CrossEntropyLoss'>,<class 'torch.optim.sgd.SGD'>,,cuda:0,,128,200,128,1024,1,8,,16,4,0.3,10,0.02,0.9,True,0.0005,"<Client: 'inproc://172.31.40.124/3285/1' processes=1 threads=4, memory=16.48 GB>",30498,3903744,30498,81,78,1,0.8905999660491943,0.33743758850097655,5.0804877281188965,76.53475022315979,128,0.02,3991.109560922603
78,0.87909996509552,<class 'model.Wide_ResNet'>,<class 'torch.nn.modules.loss.CrossEntropyLoss'>,<class 'torch.optim.sgd.SGD'>,,cuda:0,,128,200,128,1024,1,8,,16,4,0.3,10,0.02,0.9,True,0.0005,"<Client: 'inproc://172.31.40.124/3285/1' processes=1 threads=4, memory=16.48 GB>",30889,3953792,30889,82,79,1,0.87909996509552,0.35852805786132813,5.0935680866241455,76.37119841575623,128,0.02,3972.8984730594093
79,0.8840999603271484,<class 'model.Wide_ResNet'>,<class 'torch.nn.modules.loss.CrossEntropyLoss'>,<class 'torch.optim.sgd.SGD'>,,cuda:0,,128,200,128,1024,1,8,,16,4,0.3,10,0.02,0.9,True,0.0005,"<Client: 'inproc://172.31.40.124/3285/1' processes=1 threads=4, memory=16.48 GB>",31280,4003840,31280,83,80,1,0.8840999603271484,0.3644869842529297,5.114685535430908,77.42663860321045,128,0.02,3971.849512928631
80,0.8903999924659729,<class 'model.Wide_ResNet'>,<class 'torch.nn.modules.loss.CrossEntropyLoss'>,<class 'torch.optim.sgd.SGD'>,,cuda:0,,128,200,128,1024,1,8,,16,4,0.3,10,0.02,0.9,True,0.0005,"<Client: 'inproc://172.31.40.124/3285/1' processes=1 threads=4, memory=16.48 GB>",31671,4053888,31671,84,81,1,0.8903999924659729,0.3356094177246094,5.100464105606079,76.55380845069885,128,0.02,3949.6588556843344
81,0.8801999688148499,<class 'model.Wide_ResNet'>,<class 'torch.nn.modules.loss.CrossEntropyLoss'>,<class 'torch.optim.sgd.SGD'>,,cuda:0,,128,200,128,1024,1,8,,16,4,0.3,10,0.02,0.9,True,0.0005,"<Client: 'inproc://172.31.40.124/3285/1' processes=1 threads=4, memory=16.48 GB>",32062,4103936,32062,85,82,1,0.8801999688148499,0.3727903076171875,5.086676597595215,76.82620406150818,128,0.02,3966.6992034406867
82,0.8902999758720398,<class 'model.Wide_ResNet'>,<class 'torch.nn.modules.loss.CrossEntropyLoss'>,<class 'torch.optim.sgd.SGD'>,,cuda:0,,128,200,128,1024,1,8,,16,4,0.3,10,0.02,0.9,True,0.0005,"<Client: 'inproc://172.31.40.124/3285/1' processes=1 threads=4, memory=16.48 GB>",32453,4153984,32453,86,83,1,0.8902999758720398,0.3444301910400391,5.1268837451934814,77.33860874176025,128,0.02,3944.366959405248
83,0.8896999955177307,<class 'model.Wide_ResNet'>,<class 'torch.nn.modules.loss.CrossEntropyLoss'>,<class 'torch.optim.sgd.SGD'>,,cuda:0,,128,200,128,1024,1,8,,16,4,0.3,10,0.02,0.9,True,0.0005,"<Client: 'inproc://172.31.40.124/3285/1' processes=1 threads=4, memory=16.48 GB>",32844,4204032,32844,87,84,1,0.8896999955177307,0.3484591339111328,5.122668743133545,77.70190048217773,128,0.02,3920.4007751076715
84,0.8970999717712402,<class 'model.Wide_ResNet'>,<class 'torch.nn.modules.loss.CrossEntropyLoss'>,<class 'torch.optim.sgd.SGD'>,,cuda:0,,128,200,128,1024,1,8,,16,4,0.3,10,0.02,0.9,True,0.0005,"<Client: 'inproc://172.31.40.124/3285/1' processes=1 threads=4, memory=16.48 GB>",33235,4254080,33235,88,85,1,0.8970999717712402,0.32205079040527346,5.098446607589722,76.6217725276947,128,0.02,3972.191504738177
85,0.8880999684333801,<class 'model.Wide_ResNet'>,<class 'torch.nn.modules.loss.CrossEntropyLoss'>,<class 'torch.optim.sgd.SGD'>,,cuda:0,,128,200,128,1024,1,8,,16,4,0.3,10,0.02,0.9,True,0.0005,"<Client: 'inproc://172.31.40.124/3285/1' processes=1 threads=4, memory=16.48 GB>",33626,4304128,33626,89,86,1,0.8880999684333801,0.34317110900878905,5.111568927764893,76.8602066040039,128,0.02,3993.4626925475895
86,0.8848999738693237,<class 'model.Wide_ResNet'>,<class 'torch.nn.modules.loss.CrossEntropyLoss'>,<class 'torch.optim.sgd.SGD'>,,cuda:0,,128,200,128,1024,1,8,,16,4,0.3,10,0.02,0.9,True,0.0005,"<Client: 'inproc://172.31.40.124/3285/1' processes=1 threads=4, memory=16.48 GB>",34017,4354176,34017,90,87,1,0.8848999738693237,0.3606614318847656,5.136544227600098,77.22977113723755,128,0.02,3960.874534704315
87,0.8984999656677246,<class 'model.Wide_ResNet'>,<class 'torch.nn.modules.loss.CrossEntropyLoss'>,<class 'torch.optim.sgd.SGD'>,,cuda:0,,128,200,128,1024,1,8,,16,4,0.3,10,0.02,0.9,True,0.0005,"<Client: 'inproc://172.31.40.124/3285/1' processes=1 threads=4, memory=16.48 GB>",34408,4404224,34408,91,88,1,0.8984999656677246,0.3248839904785156,5.137807607650757,77.77975511550903,128,0.02,3982.2969407456694
88,0.8935999870300293,<class 'model.Wide_ResNet'>,<class 'torch.nn.modules.loss.CrossEntropyLoss'>,<class 'torch.optim.sgd.SGD'>,,cuda:0,,128,200,128,1024,1,8,,16,4,0.3,10,0.02,0.9,True,0.0005,"<Client: 'inproc://172.31.40.124/3285/1' processes=1 threads=4, memory=16.48 GB>",34799,4454272,34799,92,89,1,0.8935999870300293,0.3331224426269531,5.133378744125366,76.93477439880371,128,0.02,3974.6089299015584
89,0.8833999633789062,<class 'model.Wide_ResNet'>,<class 'torch.nn.modules.loss.CrossEntropyLoss'>,<class 'torch.optim.sgd.SGD'>,,cuda:0,,128,200,128,1024,1,8,,16,4,0.3,10,0.02,0.9,True,0.0005,"<Client: 'inproc://172.31.40.124/3285/1' processes=1 threads=4, memory=16.48 GB>",35190,4504320,35190,93,90,1,0.8833999633789062,0.36848829650878906,5.152360677719116,77.25788307189941,128,0.02,3998.7726007403107
90,0.8842999935150146,<class 'model.Wide_ResNet'>,<class 'torch.nn.modules.loss.CrossEntropyLoss'>,<class 'torch.optim.sgd.SGD'>,,cuda:0,,128,200,128,1024,1,8,,16,4,0.3,10,0.02,0.9,True,0.0005,"<Client: 'inproc://172.31.40.124/3285/1' processes=1 threads=4, memory=16.48 GB>",35581,4554368,35581,94,91,1,0.8842999935150146,0.37239057922363283,5.109007358551025,76.94163584709167,128,0.02,3989.1521482025855
91,0.8939999938011169,<class 'model.Wide_ResNet'>,<class 'torch.nn.modules.loss.CrossEntropyLoss'>,<class 'torch.optim.sgd.SGD'>,,cuda:0,,128,200,128,1024,1,8,,16,4,0.3,10,0.02,0.9,True,0.0005,"<Client: 'inproc://172.31.40.124/3285/1' processes=1 threads=4, memory=16.48 GB>",35972,4604416,35972,95,92,1,0.8939999938011169,0.33948021545410156,5.1023454666137695,77.75433397293091,128,0.02,3957.3458267436945
92,0.8888999819755554,<class 'model.Wide_ResNet'>,<class 'torch.nn.modules.loss.CrossEntropyLoss'>,<class 'torch.optim.sgd.SGD'>,,cuda:0,,128,200,128,1024,1,8,,16,4,0.3,10,0.02,0.9,True,0.0005,"<Client: 'inproc://172.31.40.124/3285/1' processes=1 threads=4, memory=16.48 GB>",36363,4654464,36363,96,93,1,0.8888999819755554,0.3405547241210938,5.110855579376221,76.95310497283936,128,0.02,3966.278609512432
93,0.8855999708175659,<class 'model.Wide_ResNet'>,<class 'torch.nn.modules.loss.CrossEntropyLoss'>,<class 'torch.optim.sgd.SGD'>,,cuda:0,,128,200,128,1024,1,8,,16,4,0.3,10,0.02,0.9,True,0.0005,"<Client: 'inproc://172.31.40.124/3285/1' processes=1 threads=4, memory=16.48 GB>",36754,4704512,36754,97,94,1,0.8855999708175659,0.34839004211425784,5.144216537475586,77.47953176498413,128,0.02,4032.754303690861
94,0.8829999566078186,<class 'model.Wide_ResNet'>,<class 'torch.nn.modules.loss.CrossEntropyLoss'>,<class 'torch.optim.sgd.SGD'>,,cuda:0,,128,200,128,1024,1,8,,16,4,0.3,10,0.02,0.9,True,0.0005,"<Client: 'inproc://172.31.40.124/3285/1' processes=1 threads=4, memory=16.48 GB>",37145,4754560,37145,98,95,1,0.8829999566078186,0.3534101806640625,5.061233282089233,76.712322473526,128,0.02,4023.6363602005295
95,0.8916999697685242,<class 'model.Wide_ResNet'>,<class 'torch.nn.modules.loss.CrossEntropyLoss'>,<class 'torch.optim.sgd.SGD'>,,cuda:0,,128,200,128,1024,1,8,,16,4,0.3,10,0.02,0.9,True,0.0005,"<Client: 'inproc://172.31.40.124/3285/1' processes=1 threads=4, memory=16.48 GB>",37536,4804608,37536,99,96,1,0.8916999697685242,0.32832486572265623,5.101489543914795,78.00078463554382,128,0.02,4031.670178329863
96,0.8830999732017517,<class 'model.Wide_ResNet'>,<class 'torch.nn.modules.loss.CrossEntropyLoss'>,<class 'torch.optim.sgd.SGD'>,,cuda:0,,128,200,128,1024,1,8,,16,4,0.3,10,0.02,0.9,True,0.0005,"<Client: 'inproc://172.31.40.124/3285/1' processes=1 threads=4, memory=16.48 GB>",37927,4854656,37927,100,97,1,0.8830999732017517,0.3535143035888672,5.146531343460083,77.01166319847107,128,0.02,4020.3678356959717
97,0.8883999586105347,<class 'model.Wide_ResNet'>,<class 'torch.nn.modules.loss.CrossEntropyLoss'>,<class 'torch.optim.sgd.SGD'>,,cuda:0,,128,200,128,1024,1,8,,16,4,0.3,10,0.02,0.9,True,0.0005,"<Client: 'inproc://172.31.40.124/3285/1' processes=1 threads=4, memory=16.48 GB>",38318,4904704,38318,101,98,1,0.8883999586105347,0.3522525848388672,5.145888090133667,77.1711573600769,128,0.02,4029.9025486648316
98,0.8860999941825867,<class 'model.Wide_ResNet'>,<class 'torch.nn.modules.loss.CrossEntropyLoss'>,<class 'torch.optim.sgd.SGD'>,,cuda:0,,128,200,128,1024,1,8,,16,4,0.3,10,0.02,0.9,True,0.0005,"<Client: 'inproc://172.31.40.124/3285/1' processes=1 threads=4, memory=16.48 GB>",38709,4954752,38709,102,99,1,0.8860999941825867,0.3494531280517578,5.086158514022827,76.70343327522278,128,0.02,4020.2284671029192
99,0.8853999972343445,<class 'model.Wide_ResNet'>,<class 'torch.nn.modules.loss.CrossEntropyLoss'>,<class 'torch.optim.sgd.SGD'>,,cuda:0,,128,200,128,1024,1,8,,16,4,0.3,10,0.02,0.9,True,0.0005,"<Client: 'inproc://172.31.40.124/3285/1' processes=1 threads=4, memory=16.48 GB>",39100,5004800,39100,103,100,1,0.8853999972343445,0.3483913421630859,5.105329990386963,77.91702842712402,128,0.02,4031.487525533128
100,0.8887999653816223,<class 'model.Wide_ResNet'>,<class 'torch.nn.modules.loss.CrossEntropyLoss'>,<class 'torch.optim.sgd.SGD'>,,cuda:0,,128,200,128,1024,1,8,,16,4,0.3,10,0.02,0.9,True,0.0005,"<Client: 'inproc://172.31.40.124/3285/1' processes=1 threads=4, memory=16.48 GB>",39491,5054848,39491,104,101,1,0.8887999653816223,0.3340872772216797,5.196324825286865,77.25648427009583,128,0.02,4010.71080861424
